iD_EQ,TYPE,SS_TYPE,LIBELLE_EQ,ACCES,VOIE,QUARTIER,COMMUNE,CODE_POST,CODE_INSEE,X_L93,Y_L93,X_WGS84,Y_WGS84
80,Culte,Cimetière,Cimetière ancien de Neuilly,1 r de Vimy,Vimy (rue de),Parc Nord,NANTERRE,92000,92050,643749.992058091,6866454.66209607,2.23278996353746,48.8956397743844
75,Culte,Cimetière,Cimetière de La Garenne Colombes,82 r Jules Ferry,Ferry (rue Jules),Parc Nord,NANTERRE,92000,92050,643637.708542846,6867164.37577274,2.23116434467057,48.9020120103012
78,Culte,Cimetière,Cimetière de Puteaux,467 bd Aimé Césaire,Césaire (boulevard Aimé),Parc Nord,NANTERRE,92000,92050,643409.674758151,6866179.00499589,2.22818532124648,48.893131110685
74,Culte,Cimetière,Cimetière de la Maison Départementale,3 av du Cimetière,Cimetière (avenue du),Petit Nanterre,NANTERRE,92000,92050,642295.614356004,6868076.58727639,2.21273403444063,48.9100960313459
76,Culte,Cimetière,Cimetière du Centre,111 r de Courbevoie,Courbevoie (rue de),Centre,NANTERRE,92000,92050,641913.043688439,6866296.70096046,2.20775856667087,48.8940561940703
77,Culte,Cimetière,Cimetière paysager du Mont-Valérien,102 r du Calvaire,Calvaire (rue du),Plateau - Mont-Valérien,NANTERRE,92000,92050,641916.944173776,6864283.4717375,2.20808712989571,48.8759525311068
79,Culte,Cimetière,Crématorium,104 r du Calvaire,Calvaire (rue du),Plateau - Mont-Valérien,NANTERRE,92000,92050,641923.280653872,6864160.80467751,2.20819028692364,48.874850006254
81,Culte,Lieu de Culte Catholique,Cathédrale Sainte Geneviève,28 r de l'Eglise,Eglise (rue de l'),Centre,NANTERRE,92000,92050,641050.72079052,6865949.26395394,2.1960464937531,48.8908535028121
87,Culte,Lieu de Culte Catholique,Chapelle Saint Joseph,9 r Edmond Dubuis,Dubuis (rue Edmond),Parc Sud,NANTERRE,92000,92050,642802.494183213,6865933.06768408,2.21993787934283,48.8908658667763
82,Culte,Lieu de Culte Catholique,Eglise Saint Paul,55 bd Emile Zola,Zola (boulevard Emile),Université,NANTERRE,92000,92050,642297.861743338,6866477.59185072,2.21298211866165,48.8957174517838
84,Culte,Lieu de Culte Catholique,Eglise Sainte Catherine,50 r des Pâquerettes,Pâquerettes (rue des),Petit Nanterre,NANTERRE,92000,92050,642501.121439986,6867887.16693912,2.21556327285479,48.9084110927228
83,Culte,Lieu de Culte Catholique,Eglise Sainte Marie des Fontenelles,30 av Félix Faure,Faure (avenue Félix),Plateau - Mont-Valérien,NANTERRE,92000,92050,642543.952026501,6865240.67787048,2.21650579311248,48.8846165220526
85,Culte,Lieu de Culte Catholique,Evêché,85 r de Suresnes,Suresnes (rue de),Plateau - Mont-Valérien,NANTERRE,92000,92050,642521.833436556,6865121.11979691,2.21622037698074,48.8835394169829
86,Culte,Lieu de Culte Catholique,Notre Dame de la Miséricorde,36 r André Doucet,Doucet (rue André),Chemin de l'Ile,NANTERRE,92000,92050,641096.299205422,6867054.58101591,2.19651466723101,48.9007971536202
88,Culte,Lieu de Culte Judaïque,Centre Communautaire Juif,13 r du Castel Marly,Castel Marly (rue du),Centre,NANTERRE,92000,92050,641052.221406862,6865782.88577709,2.196090058279,48.8893574894438
412,Culte,Lieu de Culte Musulman,Mosquée El Emir Abdelkader,38 av de la République,République (avenue de la),République,NANTERRE,92000,92050,641341.222787432,6866816.04094017,2.19988832673426,48.8986744722332
89,Culte,Lieu de Culte Musulman,Mosquée OkbaIbn Nafaa,331 av de la République,République (avenue de la),Petit Nanterre,NANTERRE,92000,92050,642582.57426542,6868003.77836694,2.21665865002194,48.9094669736569
92,Culture,Espace Culturel,Ateliers d'Arts Plastiques,9 r des Anciennes Mairies,Anciennes Mairies (rue des),Centre,NANTERRE,92000,92050,641146.640067108,6865970.34452077,2.19735163363421,48.8910518442478
91,Culture,Espace Culturel,Auditorium - Parc des Anciennes Mairies,9 r des Anciennes Mairies,Anciennes Mairies (rue des),Centre,NANTERRE,92000,92050,641112.88724196,6866076.95134564,2.19687655356895,48.8920074155151
475,Culture,Espace Culturel,Espace Pierre Reverdy,200 av de la République,République (avenue de la),Université,NANTERRE,92000,92050,642616.909025133,6867361.18872263,2.21721395158912,48.903691639169
95,Culture,Espace Culturel,L'Agora - Maison des initiatives citoyennes,20 r de Stalingrad,Stalingrad (rue de),Centre,NANTERRE,92000,92050,641281.054463416,6866152.45419027,2.19915947736462,48.8927017309041
526,Culture,Espace Culturel,La Terrasse - Espace d'art de Nanterre,57 bd de Pesaro,Pesaro (boulevard de),Parc Nord,NANTERRE,92000,92050,642816.541137576,6866647.01608936,2.22003326531631,48.897287270466
106,Culture,Espace Culturel,Maison de la Musique - Conservatoire (musique et danse),8 r des Anciennes Mairies,Anciennes Mairies (rue des),Centre,NANTERRE,92000,92050,641209.965800956,6866003.4241747,2.19821063653367,48.8913550973786
96,Culture,Médiathèque,Maison de la Musique - Médiathèque Musicale,8 r des Anciennes Mairies,Anciennes Mairies (rue des),Centre,NANTERRE,92000,92050,641206.900024414,6865995.35839821,2.19816994477056,48.8912822862333
100,Culture,Médiathèque,Médiathèque Flora Tristan,2 r des Anciennes Mairies,Anciennes Mairies (rue des),Centre,NANTERRE,92000,92050,641164.910613813,6865924.27182182,2.19760717695914,48.8906392069524
97,Culture,Médiathèque,Médiathèque Pierre et Marie Curie,5 pl de l'Hôtel de Ville,Hôtel de Ville (place de l'),Centre,NANTERRE,92000,92050,641805.574951082,6866058.62103767,2.20632554822877,48.8919055649116
98,Culture,Médiathèque,Médiathèque des Fontenelles,27 r de la Paix,Paix (rue de la),Parc Sud,NANTERRE,92000,92050,643038.402646095,6865616.45012091,2.22319747930078,48.8880395960003
99,Culture,Médiathèque,Médiathèque du Petit Nanterre,6 pl des Muguets,Muguets (place des),Petit Nanterre,NANTERRE,92000,92050,642840.324861191,6868079.12594523,2.22016473979778,48.9101674668572
674,Culture,Médiathèque mobile,Bibliobus Arrêt Abdelmalek Sayad,92 all des Pouvins,Pouvins (allée des),Vieux-Pont - Sainte-Geneviève,NANTERRE,92000,92050,641025.246621385,6865532.04568757,2.19575705150548,48.88709934347
366,Culture,Médiathèque mobile,Bibliobus Arrêt Anatole France,all de l'Archéologie,Archéologie (allée de l'),République,NANTERRE,92000,92050,642046.477979228,6867383.28178035,2.20942997015442,48.9038392026999
367,Culture,Médiathèque mobile,Bibliobus Arrêt Berthelot - Balzac,10 bd Jules Mansart,Mansart (boulevard Jules),Université,NANTERRE,92000,92050,642219.988473706,6866709.15009747,2.21188852937007,48.8977927394189
516,Culture,Médiathèque mobile,Bibliobus Arrêt Esplanade,11 all de la Danse,Danse (allée de la),Parc Nord,NANTERRE,92000,92050,642899.692656487,6866343.34773779,2.22120820565138,48.8945639284944
373,Culture,Médiathèque mobile,Bibliobus Arrêt Mont-Valérien,3 r Gustave Courbet,Courbet (rue Gustave),Plateau - Mont-Valérien,NANTERRE,92000,92050,641634.866047598,6865190.75177031,2.20411681920475,48.8840858007105
376,Culture,Médiathèque mobile,Bibliobus Arrêt Nelson Mandela,55 pl Nelson Mandela,Mandela (place Nelson),Université,NANTERRE,92000,92050,642763.792544171,6866752.27912225,2.21929964093871,48.8982291536356
378,Culture,Médiathèque mobile,Bibliobus Arrêt Vieux-Pont,9 r Paul Langevin,Langevin (rue Paul),Vieux-Pont - Sainte-Geneviève,NANTERRE,92000,92050,640200.117629409,6865947.75958988,2.18444695214876,48.8907615321679
370,Culture,Médiathèque mobile,Bibliobus Arrêt Voltaire,12 r Voltaire,Voltaire (rue),Chemin de l'Ile,NANTERRE,92000,92050,640882.773373567,6866827.61000796,2.19363385183259,48.898736568081
103,Culture,Salle de Spectacles,Cinéma Les Lumières,49 r Maurice Thorez,Thorez (rue Maurice),Centre,NANTERRE,92000,92050,641022.036802106,6866145.80220228,2.19562802334866,48.8926182374549
109,Culture,Salle de Spectacles,Espace Chevreul,97 av de la Liberté,Liberté (avenue de la),La Boule - Champs Pierreux,NANTERRE,92000,92050,642321.459857225,6865985.14893354,2.2133708684137,48.8912912922873
110,Culture,Salle de Spectacles,La Forge,19 r des Anciennes Mairies,Anciennes Mairies (rue des),Centre,NANTERRE,92000,92050,641186.836120613,6866088.89516353,2.19788337067467,48.8921215792584
418,Culture,Salle de Spectacles,Le Cinéart,5 bis r des Anciennes Mairies,Anciennes Mairies (rue des),Centre,NANTERRE,92000,92050,641161.007425413,6865936.07091793,2.19755231371292,48.890744953241
108,Culture,Salle de Spectacles,Maison Daniel Féry,10 bd Jules Mansart,Mansart (boulevard Jules),Université,NANTERRE,92000,92050,642244.435950235,6866765.68502391,2.2122142744089,48.8983033192274
417,Culture,Salle de Spectacles,Maison de la Musique - Salle de Spectacles,8 r des Anciennes Mairies,Anciennes Mairies (rue des),Centre,NANTERRE,92000,92050,641200.271668665,6866005.2529818,2.19807818196203,48.8913706575825
104,Culture,Salle de Spectacles,Salle des Congrès,88 r du 8 Mai 1945,8 Mai 1945 (rue du),Centre,NANTERRE,92000,92050,641807.219913766,6866089.39086278,2.20634376348024,48.8921824101999
105,Culture,Salle de Spectacles,Salle des Fêtes,4 r des Anciennes Mairies,Anciennes Mairies (rue des),Centre,NANTERRE,92000,92050,641176.644948967,6865908.42266989,2.19776939472245,48.8904977561573
525,Culture,Salle de Spectacles,Studio Jenny,1 av Jenny,Jenny (avenue),Parc Nord,NANTERRE,92000,92050,643581.940247446,6866800.5945451,2.23045201985024,48.8987358495525
474,Culture,Salle de Spectacles,Théatre Bernard Marie Koltès,200 av de la République,République (avenue de la),Université,NANTERRE,92000,92050,642605.578221358,6867377.50693244,2.21705718649874,48.9038373685245
102,Culture,Salle de Spectacles,Théâtre Nanterre-Amandiers,7 av Pablo Picasso,Picasso (avenue Pablo),La Boule - Champs Pierreux,NANTERRE,92000,92050,642359.078736253,6866175.61008514,2.21385802680051,48.8930073782192
40,Enseignement,Accueil pré et post scolaire,Accueil Maternel Jules Ferry,5 r des Chailliers,Chailliers (rue des),Plateau - Mont-Valérien,NANTERRE,92000,92050,641506.928005271,6864958.05645085,2.202404389258,48.881981670706
116,Enseignement,Collège Public,Collège André Doucet,48 bd de la Seine,Seine (boulevard de la),Chemin de l'Ile,NANTERRE,92000,92050,641037.347540304,6866919.0664276,2.19572941051495,48.8995731569186
114,Enseignement,Collège Public,Collège Evariste Galois,21 r des Fontenelles,Fontenelles (rue des),Parc Sud,NANTERRE,92000,92050,642841.356237635,6865535.00856804,2.22052143550245,48.8872897689623
112,Enseignement,Collège Public,Collège Jean Perrin,20 r des Goulvents,Goulvents (rue des),Vieux-Pont - Sainte-Geneviève,NANTERRE,92000,92050,640418.04015512,6865716.72269865,2.18745120007652,48.8887041453971
113,Enseignement,Collège Public,Collège Les Chenevreux,20 r des Chenevreux,Chenevreux (rue des),Plateau - Mont-Valérien,NANTERRE,92000,92050,642042.557624884,6865255.0836626,2.2096670621754,48.884701131885
111,Enseignement,Collège Public,Collège Paul Eluard,16 all Le Corbusier,Le Corbusier (allée),Parc Nord,NANTERRE,92000,92050,643019.641130507,6866236.5326593,2.22285841635561,48.8936140248546
117,Enseignement,Collège Public,Collège République,152 av de la République,République (avenue de la),République,NANTERRE,92000,92050,641803.072385155,6867258.01887824,2.20612696740734,48.9026908309977
115,Enseignement,Collège Public,Collège Victor Hugo,77 r de Courbevoie,Courbevoie (rue de),Centre,NANTERRE,92000,92050,641688.485759586,6866204.45282646,2.20470872465697,48.893206357215
426,Enseignement,Ecole Elémentaire Publique,Ecole Elémentaire Abdelmalek Sayad,56 r Abdelmalek Sayad,Sayad (rue Abdelmalek),Vieux-Pont - Sainte-Geneviève,NANTERRE,92000,92050,640955.020631239,6865492.24378959,2.19480497563119,48.8867349890851
130,Enseignement,Ecole Elémentaire Publique,Ecole Elémentaire Anatole France,162 av de la République,République (avenue de la),République,NANTERRE,92000,92050,641966.120018832,6867235.72874153,2.20835402374142,48.9025051101781
137,Enseignement,Ecole Elémentaire Publique,Ecole Elémentaire Balzac,4 bd Honoré de Balzac,Balzac (boulevard Honoré de),Université,NANTERRE,92000,92050,642021.928714953,6866554.01113599,2.20920839292662,48.8963798561966
120,Enseignement,Ecole Elémentaire Publique,Ecole Elémentaire Elsa Triolet,130 r Salvador Allende,Allende (rue Salvador),Parc Nord,NANTERRE,92000,92050,643174.772557355,6866177.2755983,2.22498201315377,48.8930948685117
125,Enseignement,Ecole Elémentaire Publique,Ecole Elémentaire Henri Wallon,3 r de Zilina,Zilina (rue de),Chemin de l'Ile,NANTERRE,92000,92050,640528.82634145,6866636.76845203,2.18883305024653,48.8969878432873
123,Enseignement,Ecole Elémentaire Publique,Ecole Elémentaire Jacques Decour,8 r Jacques Decour,Decour (rue Jacques),Parc Sud,NANTERRE,92000,92050,643223.319502071,6865507.09282499,2.22573370730277,48.8870725304686
121,Enseignement,Ecole Elémentaire Publique,Ecole Elémentaire Jean de la Fontaine,5 r de l'Agriculture,Agriculture (rue de l'),Petit Nanterre,NANTERRE,92000,92050,643129.84375488,6868167.83873962,2.22410252822612,48.9109908493477
122,Enseignement,Ecole Elémentaire Publique,Ecole Elémentaire Joliot Curie,15 r de la Côte des Amandiers,Côte des Amandiers (rue de la),La Boule - Champs Pierreux,NANTERRE,92000,92050,641768.059973605,6865748.0980367,2.20585653233995,48.8891098016406
425,Enseignement,Ecole Elémentaire Publique,Ecole Elémentaire Jules Ferry,1 r des Chailliers,Chailliers (rue des),Plateau - Mont-Valérien,NANTERRE,92000,92050,641523.920419537,6865059.81851273,2.20262206567214,48.8828983134499
386,Enseignement,Ecole Elémentaire Publique,Ecole Elémentaire Lucie Aubrac,1 all de Savoie,Savoie (allée de),Université,NANTERRE,92000,92050,642809.602904506,6866859.33410358,2.21991002689322,48.8991959091037
133,Enseignement,Ecole Elémentaire Publique,Ecole Elémentaire Maxime Gorki,14 all de l'Arlequin,Arlequin (allée de l'),Parc Sud,NANTERRE,92000,92050,643425.440159924,6865882.24162691,2.22843987334541,48.8904638537835
136,Enseignement,Ecole Elémentaire Publique,Ecole Elémentaire Pablo Neruda,18 r Pablo Neruda,Neruda (rue Pablo),Parc Nord,NANTERRE,92000,92050,642596.795507982,6866442.89644877,2.21706379574805,48.8954321793454
118,Enseignement,Ecole Elémentaire Publique,Ecole Elémentaire Pablo Picasso,75 av Pablo Picasso,Picasso (avenue Pablo),Parc Sud,NANTERRE,92000,92050,642945.099800475,6865871.58869615,2.22189087700291,48.8903256703806
119,Enseignement,Ecole Elémentaire Publique,Ecole Elémentaire Paul Langevin,11 r Paul Langevin,Langevin (rue Paul),Vieux-Pont - Sainte-Geneviève,NANTERRE,92000,92050,640147.140657105,6865908.27738743,2.1837300677525,48.8904015676577
124,Enseignement,Ecole Elémentaire Publique,Ecole Elémentaire Robespierre,18 all Fernand Léger,Léger (allée Fernand),Parc Sud,NANTERRE,92000,92050,642632.047072336,6865808.66333602,2.21763027588331,48.8897319966589
135,Enseignement,Ecole Elémentaire Publique,Ecole Elémentaire Romain Rolland,5 r Romain Rolland,Rolland (rue Romain),Plateau - Mont-Valérien,NANTERRE,92000,92050,642566.718751654,6864825.06315894,2.21687243589469,48.8808811154114
131,Enseignement,Ecole Elémentaire Publique,Ecole Elémentaire Voltaire,39 r Voltaire,Voltaire (rue),Chemin de l'Ile,NANTERRE,92000,92050,640938.933451153,6866891.93256602,2.1943908779573,48.8993201368555
128,Enseignement,Ecole Elémentaire Publique,Ecole Elémentaire des Pâquerettes,10 r des Aubépines,Aubépines (rue des),Petit Nanterre,NANTERRE,92000,92050,642778.104638971,6867976.93736039,2.21932970140864,48.9092430239545
132,Enseignement,Ecole Elémentaire Publique,Ecole Elémentaire du Centre,31 bd du Midi,Midi (boulevard du),Vieux-Pont - Sainte-Geneviève,NANTERRE,92000,92050,640793.242447063,6865907.10176909,2.19254111399484,48.8904507348924
126,Enseignement,Ecole Elémentaire Publique,Ecole Elémentaire du Général de Joinville,50 r Rouget de Lisle,Rouget de Lisle (rue),République,NANTERRE,92000,92050,641580.022140436,6866780.04664962,2.20315030696214,48.8983725123048
385,Enseignement,Ecole Maternelle Publique,Ecole Maternelle  Lucie Aubrac,1 all de Savoie,Savoie (allée de),Université,NANTERRE,92000,92050,642772.385052115,6866915.06545218,2.21939488521405,48.89969376124
427,Enseignement,Ecole Maternelle Publique,Ecole Maternelle Abdelmalek Sayad,56 r Abdelmalek Sayad,Sayad (rue Abdelmalek),Vieux-Pont - Sainte-Geneviève,NANTERRE,92000,92050,641007.45453617,6865486.56184979,2.19552075547895,48.8866887003825
152,Enseignement,Ecole Maternelle Publique,Ecole Maternelle Anatole France,162 av de la République,République (avenue de la),République,NANTERRE,92000,92050,642008.337779768,6867177.60283539,2.20893782508718,48.9019862244911
160,Enseignement,Ecole Maternelle Publique,Ecole Maternelle Balzac,4 bd Honoré de Balzac,Balzac (boulevard Honoré de),Université,NANTERRE,92000,92050,642025.000890054,6866515.77963378,2.20925551484603,48.8960363385683
141,Enseignement,Ecole Maternelle Publique,Ecole Maternelle Danièle Casanova,28 r Thomas Lemaître,Lemaître (rue Thomas),Vieux-Pont - Sainte-Geneviève,NANTERRE,92000,92050,640717.61641378,6865870.07751566,2.19151497163294,48.8901108367294
147,Enseignement,Ecole Maternelle Publique,Ecole Maternelle Elsa Triolet,130 r Salvador Allende,Allende (rue Salvador),Parc Nord,NANTERRE,92000,92050,643211.608774677,6866132.66924094,2.22549034333592,48.8926969969738
142,Enseignement,Ecole Maternelle Publique,Ecole Maternelle Eugénie Cotton,57 bd de la Seine,Seine (boulevard de la),Chemin de l'Ile,NANTERRE,92000,92050,640900.275827535,6866981.31337687,2.19385116752362,48.9001203359332
153,Enseignement,Ecole Maternelle Publique,Ecole Maternelle France Bloch,52 bd National,National (boulevard),Vieux-Pont - Sainte-Geneviève,NANTERRE,92000,92050,640531.117350005,6865459.17127446,2.18902925324133,48.8863985727688
145,Enseignement,Ecole Maternelle Publique,Ecole Maternelle Henri Wallon,3 r de Zilina,Zilina (rue de),Chemin de l'Ile,NANTERRE,92000,92050,640607.646491416,6866680.29599544,2.18990196455475,48.8973865371984
144,Enseignement,Ecole Maternelle Publique,Ecole Maternelle Jacques Decour,8 r Jacques Decour,Decour (rue Jacques),Parc Sud,NANTERRE,92000,92050,643189.147476412,6865457.13981249,2.2252744150265,48.8866203123454
148,Enseignement,Ecole Maternelle Publique,Ecole Maternelle Jacques Prévert,23 r Pierre Sergent,Sergent (rue Pierre),Plateau - Mont-Valérien,NANTERRE,92000,92050,641558.386550546,6865094.48467717,2.20308724226598,48.8832131791696
143,Enseignement,Ecole Maternelle Publique,Ecole Maternelle Jean de la Fontaine,5 r de l'Agriculture,Agriculture (rue de l'),Petit Nanterre,NANTERRE,92000,92050,643198.144746482,6868180.69242983,2.22503259925334,48.9111124656286
139,Enseignement,Ecole Maternelle Publique,Ecole Maternelle Joliot Curie,15 r de la Côte des Amandiers,Côte des Amandiers (rue de la),La Boule - Champs Pierreux,NANTERRE,92000,92050,641764.98520644,6865798.79555132,2.2058076490658,48.88956542031
138,Enseignement,Ecole Maternelle Publique,Ecole Maternelle Jules Ferry,5 r des Chailliers,Chailliers (rue des),Plateau - Mont-Valérien,NANTERRE,92000,92050,641526.927146479,6864966.69244372,2.20267588454312,48.8820611465869
140,Enseignement,Ecole Maternelle Publique,Ecole Maternelle Maxime Gorki,14 all de l'Arlequin,Arlequin (allée de l'),Parc Sud,NANTERRE,92000,92050,643462.158914648,6865928.00703816,2.22893451489956,48.8908786248175
159,Enseignement,Ecole Maternelle Publique,Ecole Maternelle Pablo Neruda,18 r Pablo Neruda,Neruda (rue Pablo),Parc Nord,NANTERRE,92000,92050,642592.129026577,6866399.30734858,2.21700604775612,48.8950397903531
158,Enseignement,Ecole Maternelle Publique,Ecole Maternelle Pablo Picasso,75 av Pablo Picasso,Picasso (avenue Pablo),Parc Sud,NANTERRE,92000,92050,642904.985697538,6865820.47479508,2.22135071400956,48.8898624726619
157,Enseignement,Ecole Maternelle Publique,Ecole Maternelle Paul Langevin,11 r Paul Langevin,Langevin (rue Paul),Vieux-Pont - Sainte-Geneviève,NANTERRE,92000,92050,640277.091347665,6865950.20334453,2.18549630433779,48.8907906522792
156,Enseignement,Ecole Maternelle Publique,Ecole Maternelle Robespierre,18 all Fernand Léger,Léger (allée Fernand),Parc Sud,NANTERRE,92000,92050,642641.32049261,6865775.64995945,2.21776119620625,48.8894359501116
155,Enseignement,Ecole Maternelle Publique,Ecole Maternelle Romain Rolland,7 r Romain Rolland,Rolland (rue Romain),Plateau - Mont-Valérien,NANTERRE,92000,92050,642555.683914863,6864783.52249977,2.216727599501,48.8805065738228
150,Enseignement,Ecole Maternelle Publique,Ecole Maternelle Soufflot,17 bd Jacques-Germain Soufflot,Soufflot (boulevard Jacques-Germain),Université,NANTERRE,92000,92050,642334.737697035,6866663.76019369,2.21345975621457,48.8973948630367
151,Enseignement,Ecole Maternelle Publique,Ecole Maternelle Victor Hugo,45 r Victor Hugo,Hugo (rue Victor),Centre,NANTERRE,92000,92050,641642.91167514,6866220.00936086,2.20408505848442,48.8933421192321
161,Enseignement,Ecole Maternelle Publique,Ecole Maternelle des Pâquerettes,10 r des Aubépines,Aubépines (rue des),Petit Nanterre,NANTERRE,92000,92050,642865.314254336,6867985.86014598,2.22051821096909,48.9093310082762
146,Enseignement,Ecole Maternelle Publique,Ecole Maternelle du Général de Joinville,50 r Rouget de Lisle,Rouget de Lisle (rue),République,NANTERRE,92000,92050,641633.417471811,6866779.83723953,2.20387859979391,48.8983754726144
154,Enseignement,Ecole Maternelle Publique,Ecole Maternelle du Moulin des Gibets,118 r de Saint-Cloud,Saint-Cloud (rue de),Plateau - Mont-Valérien,NANTERRE,92000,92050,641318.063892424,6864840.41872299,2.19984551973815,48.8809066247036
162,Enseignement,Ecole Privée,Ecole Privée Sainte-Geneviève,72 r Volant,Volant (rue),Centre,NANTERRE,92000,92050,641096.898021907,6866199.67919606,2.19664147333074,48.8931095769889
167,Enseignement,Enseignement Spécialisé,Classes Relais Victor Hugo,77 r de Courbevoie,Courbevoie (rue de),Centre,NANTERRE,92000,92050,641720.037045047,6866327.64526066,2.20512210001565,48.8943170159934
421,Enseignement,Enseignement Spécialisé,Institut Médico-Educatif Au fil de l'autre,23 av Vladimir Ilitch Lénine,Lénine (avenue Vladimir Ilitch),Vieux-Pont - Sainte-Geneviève,NANTERRE,92000,92050,641102.749650121,6865573.66327966,2.19680812019107,48.8874806834738
166,Enseignement,Enseignement Spécialisé,Institut Médico-Educatif Balzac,4 bd Honoré de Balzac,Balzac (boulevard Honoré de),Université,NANTERRE,92000,92050,641998.716731466,6866474.13460621,2.2089027290855,48.8956594807008
389,Enseignement,Enseignement Spécialisé,Institut Médico-Educatif Fernand Oury,36 r Paul Vaillant-Couturier,Vaillant-Couturier (rue Paul),Plateau - Mont-Valérien,NANTERRE,92000,92050,641484.05665464,6865326.54017711,2.20204176898058,48.8852931936616
163,Enseignement,Enseignement Spécialisé,Local 2 A.P.E.I.N.A. (Association pour l'enfance inadaptée à Nanterre),24 all de l'Arlequin,Arlequin (allée de l'),Parc Sud,NANTERRE,92000,92050,643305.876644306,6865899.67766069,2.22680704974224,48.8906101301258
169,Enseignement,Enseignement Supérieur,Ecole d'architecture Paris La Défense,41 all Le Corbusier,Le Corbusier (allée),Parc Nord,NANTERRE,92000,92050,643033.154346012,6866129.91509724,2.22305701531112,48.8926564648561
419,Enseignement,Enseignement Supérieur,Ecole de danse de l'Opéra de Paris,20 all de la Danse,Danse (allée de la),Parc Nord,NANTERRE,92000,92050,642874.279593624,6866307.5086385,2.22086644206471,48.8942393922345
420,Enseignement,Enseignement Supérieur,Institut de formation en soins infirmiers (IFSI),102 bd Aimé Césaire,Césaire (boulevard Aimé),Parc Nord,NANTERRE,92000,92050,643421.306731001,6866499.66267018,2.22830121621545,48.8960156375342
168,Enseignement,Enseignement Supérieur,Université Paris Ouest Nanterre La Défense,200 av de la République,République (avenue de la),Université,NANTERRE,92000,92050,642181.947993882,6867333.8319291,2.21128459211004,48.9034067137319
170,Enseignement,Formation Continue,AFPA Centre de formation,231 av Georges Clemenceau,Clemenceau (avenue Georges),Parc Sud,NANTERRE,92000,92050,642617.452950284,6865399.81263303,2.21748651202225,48.8860541010435
424,Enseignement,Formation Continue,Centre d'enseignement supérieur et formation professionnelle (CESI),93 bd de la Seine,Seine (boulevard de la),Chemin de l'Ile,NANTERRE,92000,92050,640869.356194444,6867350.17478154,2.19337804234792,48.9034344351157
423,Enseignement,Formation Continue,Institut de Formation Professionnelle des métiers (IFPM),4 bd du Levant,Levant (boulevard du),Centre,NANTERRE,92000,92050,641293.819138519,6865851.58375379,2.19937516147209,48.8899973285364
422,Enseignement,Formation Continue,Paris Beauty Academy,22 r des Venêts,Venêts (rue des),Centre,NANTERRE,92000,92050,641578.575722538,6865825.85013274,2.20326189976925,48.8897918207789
174,Enseignement,Lycée Public,Lycée Joliot Curie,92 av Frédéric et Irène Joliot Curie,Joliot Curie (avenue Frédéric et Irène),La Boule - Champs Pierreux,NANTERRE,92000,92050,641857.77745004,6865898.81834681,2.20705934016154,48.8904732598246
173,Enseignement,Lycée professionnel,Lycée Professionnel Claude Chappe,54 r des Alouettes,Alouettes (rue des),Plateau - Mont-Valérien,NANTERRE,92000,92050,642164.899657488,6865120.15436483,2.21135363651644,48.8834987754895
172,Enseignement,Lycée professionnel,Lycée Professionnel Louise Michel,11 bd du Midi,Midi (boulevard du),Vieux-Pont - Sainte-Geneviève,NANTERRE,92000,92050,640877.672288574,6865812.7977737,2.19370561616743,48.8896104677849
171,Enseignement,Lycée professionnel,Lycée Professionnel Paul Langevin,9 r Paul Langevin,Langevin (rue Paul),Vieux-Pont - Sainte-Geneviève,NANTERRE,92000,92050,640215.69772505,6865941.70268779,2.18466027188841,48.8907085126698
185,Equipements Techniques Municipaux,Services Techniques,Centre Horticole Municipal Félix Faure,66 av Félix Faure,Faure (avenue Félix),Plateau - Mont-Valérien,NANTERRE,92000,92050,642705.038703181,6865121.95090488,2.21871831197001,48.8835632181071
178,Equipements Techniques Municipaux,Services Techniques,Centre Technique Municipal,20 av de la Liberté,Liberté (avenue de la),La Boule - Champs Pierreux,NANTERRE,92000,92050,642066.152686387,6865633.80702471,2.20993712193474,48.8881089312055
179,Equipements Techniques Municipaux,Services Techniques,Centre Technique des Guilleraies,67 av des Guilleraies,Guilleraies (avenue des),Chemin de l'Ile,NANTERRE,92000,92050,639808.220107861,6866564.27565116,2.17901520604002,48.8962689859691
180,Equipements Techniques Municipaux,Services Techniques,Cuisine Centrale U.C.P.A.,83 bd de la Seine,Seine (boulevard de la),Chemin de l'Ile,NANTERRE,92000,92050,640895.918128997,6867244.93164377,2.19375501613263,48.9024904902519
183,Equipements Techniques Municipaux,Services Techniques,Serres du Parc des Anciennes Mairies,9 r des Anciennes Mairies,Anciennes Mairies (rue des),Centre,NANTERRE,92000,92050,641095.098954253,6866086.52965416,2.19663263828197,48.8920919207694
186,Justice,Centre Pénitentiaire,Maison d'arrêt,133 av de la Commune de Paris,Commune de Paris (avenue de la),République,NANTERRE,92000,92050,641832.196646899,6867615.96549425,2.20647516152604,48.9059122502371
187,Justice,Juridiction Civile et Pénale,Conseil des Prud'hommes,2 r Pablo Neruda,Neruda (rue Pablo),Parc Nord,NANTERRE,92000,92050,642511.135830119,6866408.06500881,2.21590025675548,48.8951113157454
189,Justice,Juridiction Civile et Pénale,Tribunal de Grande Instance,179 av Frédéric et Irène Joliot Curie,Joliot Curie (avenue Frédéric et Irène),Université,NANTERRE,92000,92050,642600.982149437,6866685.02618499,2.21708815178629,48.8976098901061
188,Justice,Juridiction Civile et Pénale,Tribunal de Grande Instance (Extension),6 r Pablo Neruda,Neruda (rue Pablo),Parc Nord,NANTERRE,92000,92050,642504.518221341,6866428.91047743,2.21580718057762,48.8952981766208
190,Justice,Juridiction Civile et Pénale,Tribunal de commerce,4 r Pablo Neruda,Neruda (rue Pablo),Parc Nord,NANTERRE,92000,92050,642507.496144965,6866418.98406427,2.21584913888071,48.8952091797907
192,Première Enfance,Accueil Familial Municipal,Accueil Familial Rosiers - Amitié,95 r des Rosiers,Rosiers (rue des),Parc Sud,NANTERRE,92000,92050,643360.325658962,6865604.37439143,2.22758897073928,48.8879594040765
193,Première Enfance,Halte Accueil Municipale,Accueil Familial Castel Marly,11 r du Castel Marly,Castel Marly (rue du),Centre,NANTERRE,92000,92050,641078.329061426,6865792.20010246,2.19644478846704,48.8894436380439
196,Première Enfance,Halte Accueil Municipale,Halte Accueil Les Robinsons,5 r de la Chasse,Chasse (rue de la),Chemin de l'Ile,NANTERRE,92000,92050,640967.618736424,6866645.0688909,2.19481646115972,48.8971028706171
194,Première Enfance,Halte Accueil Municipale,Halte Accueil Parc,104 r Salvador Allende,Allende (rue Salvador),Parc Nord,NANTERRE,92000,92050,643112.379998349,6866289.10309191,2.22411613331356,48.8940949642182
195,Première Enfance,Halte Accueil Municipale,Halte Accueil Pinocchio,207 r Paul Vaillant-Couturier,Vaillant-Couturier (rue Paul),Plateau - Mont-Valérien,NANTERRE,92000,92050,641914.438111492,6864758.52699861,2.20798800079507,48.8802242784702
380,Première Enfance,Multi Accueil Municipal,Multi Accueil Castel Marly,11 r du Castel Marly,Castel Marly (rue du),Centre,NANTERRE,92000,92050,641081.894018881,6865792.57331494,2.19649335108853,48.8894473203831
204,Première Enfance,Multi Accueil Municipal,Multi Accueil Champ aux Melles,2 all Fernand Léger,Léger (allée Fernand),Parc Sud,NANTERRE,92000,92050,642677.039615594,6865604.99505852,2.21827132989206,48.8879045158146
201,Première Enfance,Multi Accueil Municipal,Multi Accueil Parc,104 r Salvador Allende,Allende (rue Salvador),Parc Nord,NANTERRE,92000,92050,643108.081796646,6866290.89286125,2.2240572745292,48.8941106788486
379,Première Enfance,Multi Accueil Municipal,Multi Accueil Petit Poucet,30 av de la République,République (avenue de la),République,NANTERRE,92000,92050,641346.446541198,6866790.9234256,2.19996304550216,48.8984490813422
207,Première Enfance,Multi Accueil Municipal,Multi Accueil Pinocchio,207 r Paul Vaillant-Couturier,Vaillant-Couturier (rue Paul),Plateau - Mont-Valérien,NANTERRE,92000,92050,641910.872884713,6864754.28789873,2.20793997102144,48.8801858364953
203,Première Enfance,Multi Accueil Municipal,Multi Accueil Voltaire,1 r Voltaire,Voltaire (rue),Chemin de l'Ile,NANTERRE,92000,92050,640848.364185683,6866802.5479389,2.19316803186079,48.8985080391703
209,Première Enfance,Multi Accueil Municipal,Multi Accueil de Pongerville,4 r de Pongerville,Pongerville (rue de),Centre,NANTERRE,92000,92050,641152.195086852,6866294.76891452,2.19738241653377,48.8939697227396
206,Première Enfance,Multi Accueil Municipal,Multi Accueil de l'Ile aux Trésors,3 r de la Chasse,Chasse (rue de la),Chemin de l'Ile,NANTERRE,92000,92050,640964.444283076,6866639.57795553,2.19477392931115,48.8970532027654
205,Première Enfance,Multi Accueil Municipal,Multi Accueil de la Courte Echelle,68 r de Suresnes,Suresnes (rue de),Plateau - Mont-Valérien,NANTERRE,92000,92050,642208.1842416,6865294.90415639,2.21192004940274,48.8850741054843
208,Première Enfance,Multi Accueil Municipal,Multi Accueil de la Farandole,9 all de la Danse,Danse (allée de la),Parc Nord,NANTERRE,92000,92050,642935.98016116,6866366.53394421,2.22169998239473,48.8947756470244
210,Première Enfance,Multi Accueil Municipal,Multi Accueil des Pâquerettes,20 r des Aubépines,Aubépines (rue des),Petit Nanterre,NANTERRE,92000,92050,642895.810679644,6868027.42657406,2.22092864821445,48.9097074941593
211,Première Enfance,Multi Accueil Municipal,Multi Accueil du Chat Perché,55 av de la Liberté,Liberté (avenue de la),La Boule - Champs Pierreux,NANTERRE,92000,92050,642115.265329316,6865836.82098065,2.21057916490084,48.889938950474
202,Première Enfance,Multi Accueil Municipal,Multi Accueil du Grand Champ,5 r du Grand Champ,Grand Champ (rue du),Centre,NANTERRE,92000,92050,641260.401927769,6865980.92578436,2.1989015593944,48.8911573849219
198,Première Enfance,Multi Accueil Municipal,Multi Accueil du Petit Navire,69 r Lamartine,Lamartine (rue),Vieux-Pont - Sainte-Geneviève,NANTERRE,92000,92050,640218.760419831,6865745.05385857,2.18472972708724,48.8889404405142
199,Première Enfance,Multi Accueil Municipal,Multi Accueil du Petit Prince,67 bd Jules Mansart,Mansart (boulevard Jules),Université,NANTERRE,92000,92050,642318.981873527,6866701.99099729,2.21323966930856,48.897737239267
197,Première Enfance,Multi Accueil du CASH,Multi Accueil du CASH,401 av de la République,République (avenue de la),Petit Nanterre,NANTERRE,92000,92050,642945.506533585,6868265.79083297,2.22157454612499,48.9118553513277
477,Première Enfance,Relais Parents Assistants Maternels,R.P.A.M. Les Gentianes,18 r des Aubépines,Aubépines (rue des),Petit Nanterre,NANTERRE,92000,92050,642866.507390365,6868028.5022679,2.22052874510406,48.909714566576
212,Première Enfance,Relais Parents Assistants Maternels,R.P.A.M. de l'Arlequin,30 all de l'Arlequin,Arlequin (allée de l'),Parc Sud,NANTERRE,92000,92050,643221.832988687,6865870.91252153,2.22566478492122,48.8903440535161
213,Première Enfance,Relais Parents Assistants Maternels,R.P.A.M. du Centre,1 r Waldeck Rochet,Rochet (rue Waldeck),Centre,NANTERRE,92000,92050,641150.281655505,6865890.47388355,2.19741236586696,48.8903339430718
230,Santé,Centre Municipal de Santé,Centre Médico-Sportif,136 av Frédéric et Irène Joliot Curie,Joliot Curie (avenue Frédéric et Irène),La Boule - Champs Pierreux,NANTERRE,92000,92050,642208.884423889,6866081.88422598,2.21182248027492,48.8921510868799
227,Santé,Centre Municipal de Santé,Centre de dépistage anonyme et gratuit du Parc (CDAG),79 av Pablo Picasso,Picasso (avenue Pablo),Parc Sud,NANTERRE,92000,92050,642810.435695373,6865791.29249494,2.22006527645939,48.8895916593687
231,Santé,Centre Municipal de Santé,Centre de santé Maurice Thorez,18 r Maurice Thorez,Thorez (rue Maurice),Centre,NANTERRE,92000,92050,641031.014102787,6866022.54297492,2.19576757308337,48.8915106568991
232,Santé,Centre Municipal de Santé,Centre de santé des Pâquerettes,20 r des Pâquerettes,Pâquerettes (rue des),Petit Nanterre,NANTERRE,92000,92050,642470.809001096,6867848.60622761,2.21515498695817,48.9080616328933
233,Santé,Centre Municipal de Santé,Centre de santé du Parc,79 av Pablo Picasso,Picasso (avenue Pablo),Parc Sud,NANTERRE,92000,92050,642813.042433813,6865787.76995327,2.2201012985532,48.8895602144431
229,Santé,Centre Municipal de Santé,Espace Santé Jeunes,4 imp du Chemin de Fer,Chemin de Fer (impasse du),Centre,NANTERRE,92000,92050,641062.35968753,6866123.30652807,2.19618105283765,48.8924196388231
226,Santé,Centre Médico-Psychologique Infanto-Juvénile,Centre Jean Wier,8 vla des Marronniers,Marronniers (villa des),Plateau - Mont-Valérien,NANTERRE,92000,92050,642816.158177897,6865041.75276654,2.22024425215038,48.8828519096489
224,Santé,Centre Médico-Psychologique Infanto-Juvénile,Centre La coursive des Loupiots,144 r Salvador Allende,Allende (rue Salvador),Parc Nord,NANTERRE,92000,92050,643221.933211073,6866092.30546022,2.22563654280111,48.8923349369245
225,Santé,Centre Médico-Psychologique Infanto-Juvénile,Centre Wladimir Granoff,78 r Henri Barbusse,Barbusse (rue Henri),Centre,NANTERRE,92000,92050,640659.874790289,6866097.59111028,2.19069575421712,48.8921514233823
580,Santé,Centre Médico-Psychologique Infanto-Juvénile,Unité de jour Adolescents,15 r des Goulvents,Goulvents (rue des),Vieux-Pont - Sainte-Geneviève,NANTERRE,92000,92050,640563.955077879,6865755.01858395,2.18943561353538,48.8890620063188
579,Santé,Centre Médico-Psychologique Infanto-Juvénile,Unité de jour Le Parc,39 r Volant,Volant (rue),Centre,NANTERRE,92000,92050,641149.548554085,6866126.33813351,2.19736967291968,48.8924548761184
217,Santé,Centre de Protection Maternelle Infantile,PMI Départementale Anatole France,192 av de la République,République (avenue de la),République,NANTERRE,92000,92050,642070.128922872,6867164.07417192,2.20978250630174,48.9018701333265
219,Santé,Centre de Protection Maternelle Infantile,PMI Départementale Benoît Frachon,4 av Benoît Frachon,Frachon (avenue Benoît),Chemin de l'Ile,NANTERRE,92000,92050,640978.427304864,6866585.59020296,2.19497214717324,48.8965690047076
382,Santé,Centre de Protection Maternelle Infantile,PMI Départementale Champ aux Melles,2 all Fernand Léger,Léger (allée Fernand),Parc Sud,NANTERRE,92000,92050,642676.63757693,6865627.22850266,2.21826284589078,48.8881044145474
214,Santé,Centre de Protection Maternelle Infantile,PMI Départementale Jacques Decour,9 r Jacques Decour,Decour (rue Jacques),Parc Sud,NANTERRE,92000,92050,643137.076631144,6865502.25939986,2.22455833200249,48.8870214551709
216,Santé,Centre de Protection Maternelle Infantile,PMI Municipale Maurice Thorez,18 r Maurice Thorez,Thorez (rue Maurice),Centre,NANTERRE,92000,92050,641046.443070754,6866001.2965221,2.19598093266762,48.891321012015
218,Santé,Centre de Protection Maternelle Infantile,PMI Municipale des Pâquerettes                                    ,20 r des Pâquerettes,Pâquerettes (rue des),Petit Nanterre,NANTERRE,92000,92050,642468.001370646,6867853.39379528,2.21511603703128,48.908104433391
235,Santé,Equipement hospitalier,Clinique de la Défense,16 bd Emile Zola,Zola (boulevard Emile),Université,NANTERRE,92000,92050,642184.433786437,6866354.03958226,2.21145196946159,48.8945962380506
234,Santé,Equipement hospitalier,Hôpital Max Fourestier,403 av de la République,République (avenue de la),Petit Nanterre,NANTERRE,92000,92050,643067.230489537,6868352.01284083,2.22322361298754,48.9126414665095
236,Santé,Médecine du Travail,Médecine du Travail,4 r des Anciennes Mairies,Anciennes Mairies (rue des),Centre,NANTERRE,92000,92050,641175.210360244,6865928.60899925,2.19774703426853,48.8906791500069
271,Sports et Loisirs,Boulodrome,Boulodrome du Centre,r de Courbevoie,Courbevoie (rue de),Centre,NANTERRE,92000,92050,641663.118710876,6866156.20714631,2.20436940525126,48.8927702119948
269,Sports et Loisirs,Boulodrome,Boulodrome du Chemin de l'Ile,r André Doucet,Doucet (rue André),Chemin de l'Ile,NANTERRE,92000,92050,641030.774799816,6867067.71461222,2.19561910799087,48.9009092567498
272,Sports et Loisirs,Boulodrome,Boulodrome du Mont-Valérien,r des Molières,Molières (rue des),Plateau - Mont-Valérien,NANTERRE,92000,92050,641443.481433265,6864585.20313648,2.20159071312904,48.8786229998171
270,Sports et Loisirs,Boulodrome,Boulodrome du Petit Nanterre,r des Pâquerettes,Pâquerettes (rue des),Petit Nanterre,NANTERRE,92000,92050,642488.409794599,6867868.02470254,2.21539245864508,48.9082378234506
527,Sports et Loisirs,Centre de loisirs maternel,Centre de loisirs maternel Abdelmalek Sayad,56 r Abdelmalek Sayad,Sayad (rue Abdelmalek),Vieux-Pont - Sainte-Geneviève,NANTERRE,92000,92050,641011.609211743,6865485.9775737,2.19557748988979,48.8866838269186
71,Sports et Loisirs,Centre de loisirs maternel,Centre de loisirs maternel Anatole France,162 av de la République,République (avenue de la),République,NANTERRE,92000,92050,642002.549989454,6867226.81542974,2.20885215353476,48.9024282416505
42,Sports et Loisirs,Centre de loisirs maternel,Centre de loisirs maternel Balzac,4 bd Honoré de Balzac,Balzac (boulevard Honoré de),Université,NANTERRE,92000,92050,641990.524266705,6866516.46233754,2.20878521238631,48.8960393720262
62,Sports et Loisirs,Centre de loisirs maternel,Centre de loisirs maternel Cotton - Voltaire,57 bd de la Seine,Seine (boulevard de la),Chemin de l'Ile,NANTERRE,92000,92050,640964.519668587,6866980.7196017,2.19472750640392,48.9001208914248
69,Sports et Loisirs,Centre de loisirs maternel,Centre de loisirs maternel Danièle Casanova,28 r Thomas Lemaître,Lemaître (rue Thomas),Vieux-Pont - Sainte-Geneviève,NANTERRE,92000,92050,640722.140282333,6865867.0616022,2.19157708430462,48.8900841327563
72,Sports et Loisirs,Centre de loisirs maternel,Centre de loisirs maternel Elsa Triolet,134 r Salvador Allende,Allende (rue Salvador),Parc Nord,NANTERRE,92000,92050,643196.068497844,6866133.53258983,2.22527829502394,48.8927033896852
36,Sports et Loisirs,Centre de loisirs maternel,Centre de loisirs maternel France Bloch,52 bd National,National (boulevard),Vieux-Pont - Sainte-Geneviève,NANTERRE,92000,92050,640517.821016386,6865456.10288953,2.18884837515112,48.8863697521667
73,Sports et Loisirs,Centre de loisirs maternel,Centre de loisirs maternel Henri Wallon,3 r de Zilina,Zilina (rue de),Chemin de l'Ile,NANTERRE,92000,92050,640551.178325489,6866582.06491497,2.18914556412494,48.896497991294
41,Sports et Loisirs,Centre de loisirs maternel,Centre de loisirs maternel Jacques Decour,8 r Jacques Decour,Decour (rue Jacques),Parc Sud,NANTERRE,92000,92050,643177.946841761,6865465.66048107,2.22512054234453,48.8866959463793
64,Sports et Loisirs,Centre de loisirs maternel,Centre de loisirs maternel Jacques Prévert,23 r Pierre Sergent,Sergent (rue Pierre),Plateau - Mont-Valérien,NANTERRE,92000,92050,641542.743782453,6865102.30236572,2.20287287507323,48.8832820600966
59,Sports et Loisirs,Centre de loisirs maternel,Centre de loisirs maternel Jean de la Fontaine,5 r de l'Agriculture,Agriculture (rue de l'),Petit Nanterre,NANTERRE,92000,92050,643129.843758151,6868178.42412964,2.2241011092223,48.9110860366656
39,Sports et Loisirs,Centre de loisirs maternel,Centre de loisirs maternel Joliot Curie,15 r de la Côte des Amandiers,Côte des Amandiers (rue de la),La Boule - Champs Pierreux,NANTERRE,92000,92050,641769.031735696,6865689.46833517,2.20587782489177,48.8885826624303
552,Sports et Loisirs,Centre de loisirs maternel,Centre de loisirs maternel Lucie Aubrac,1 all de Savoie,Savoie (allée de),Université,NANTERRE,92000,92050,642763.431795008,6866902.86551714,2.21927441285317,48.8995832583154
38,Sports et Loisirs,Centre de loisirs maternel,Centre de loisirs maternel Maxime Gorki,14 all de l'Arlequin,Arlequin (allée de l'),Parc Sud,NANTERRE,92000,92050,643424.90800193,6865930.66781834,2.22842616312004,48.8908992796468
65,Sports et Loisirs,Centre de loisirs maternel,Centre de loisirs maternel Pablo Néruda,18 r Pablo Neruda,Neruda (rue Pablo),Parc Nord,NANTERRE,92000,92050,642596.640382022,6866399.65437265,2.21706752780037,48.8950433132233
67,Sports et Loisirs,Centre de loisirs maternel,Centre de loisirs maternel Pablo Picasso,75 av Pablo Picasso,Picasso (avenue Pablo),Parc Sud,NANTERRE,92000,92050,642904.72594855,6865824.49992506,2.22134663054573,48.8898986456119
70,Sports et Loisirs,Centre de loisirs maternel,Centre de loisirs maternel Paul Langevin,11 r Paul Langevin,Langevin (rue Paul),Vieux-Pont - Sainte-Geneviève,NANTERRE,92000,92050,640266.041327342,6865961.90688007,2.18534396768671,48.8908948706472
60,Sports et Loisirs,Centre de loisirs maternel,Centre de loisirs maternel Robespierre,18 all Fernand Léger,Léger (allée Fernand),Parc Sud,NANTERRE,92000,92050,642665.060448907,6865791.60024376,2.21808277880833,48.8895814975228
553,Sports et Loisirs,Centre de loisirs maternel,Centre de loisirs maternel Romain Rolland,5 r Romain Rolland,Rolland (rue Romain),Plateau - Mont-Valérien,NANTERRE,92000,92050,642536.632727206,6864793.96784778,2.21646643402964,48.8805988046142
61,Sports et Loisirs,Centre de loisirs maternel,Centre de loisirs maternel Rouget de Lisle,20 r Rouget de Lisle,Rouget de Lisle (rue),République,NANTERRE,92000,92050,641466.064826541,6866701.81657444,2.20160682142906,48.8976586835664
43,Sports et Loisirs,Centre de loisirs maternel,Centre de loisirs maternel Victor Hugo,45 r Victor Hugo,Hugo (rue Victor),Centre,NANTERRE,92000,92050,641637.434022501,6866262.07774148,2.20400457179643,48.8937199205464
66,Sports et Loisirs,Centre de loisirs maternel,Centre de loisirs maternel de La Boule,19 r Gambetta,Gambetta (rue),Centre,NANTERRE,92000,92050,641362.956559345,6865621.88953887,2.20034970321678,48.8879381072162
57,Sports et Loisirs,Centre de loisirs maternel,Centre de loisirs maternel de l'Etang,5 all de l'Etang,Etang (allée de l'),Parc Sud,NANTERRE,92000,92050,642650.357381538,6865989.14404904,2.21785559140282,48.8913565991214
68,Sports et Loisirs,Centre de loisirs maternel,Centre de loisirs maternel des Pâquerettes,10 r des Aubépines,Aubépines (rue des),Petit Nanterre,NANTERRE,92000,92050,642752.929628745,6867960.36647102,2.2189885006779,48.9090917741762
63,Sports et Loisirs,Centre de loisirs maternel,Centre de loisirs maternel du Moulin des Gibets,118 r de Saint-Cloud,Saint-Cloud (rue de),Plateau - Mont-Valérien,NANTERRE,92000,92050,641316.298196055,6864844.78862777,2.19982084152567,48.8809457603818
54,Sports et Loisirs,Centre de loisirs élémentaire,Centre de loisirs Ludo Parc,1 all des Demoiselles d'Avignon,Demoiselles d'Avignon (allée des),Parc Sud,NANTERRE,92000,92050,643268.902446561,6865692.59354978,2.22633049940698,48.8887446677387
45,Sports et Loisirs,Centre de loisirs élémentaire,Centre de loisirs du Petit Nanterre,243 av de la Commune de Paris,Commune de Paris (avenue de la),République,NANTERRE,92000,92050,642033.028062969,6867747.48967295,2.20919675034266,48.9071130796612
528,Sports et Loisirs,Centre de loisirs élémentaire,Centre de loisirs élémentaire Abdelmalek Sayad,56 r Abdelmalek Sayad,Sayad (rue Abdelmalek),Vieux-Pont - Sainte-Geneviève,NANTERRE,92000,92050,640951.45607125,6865491.54706449,2.19475646606688,48.8867283969026
531,Sports et Loisirs,Centre de loisirs élémentaire,Centre de loisirs élémentaire Anatole France,162 av de la République,République (avenue de la),République,NANTERRE,92000,92050,642002.549989454,6867222.05292011,2.20885280442336,48.9023854153367
47,Sports et Loisirs,Centre de loisirs élémentaire,Centre de loisirs élémentaire Antoine Riou,2 pas Antoine Riou,Riou (passage Antoine),Plateau - Mont-Valérien,NANTERRE,92000,92050,642545.780614868,6865347.70482953,2.21651624619924,48.8855791288255
530,Sports et Loisirs,Centre de loisirs élémentaire,Centre de loisirs élémentaire Jean de la Fontaine,5 r de l'Agriculture,Agriculture (rue de l'),Petit Nanterre,NANTERRE,92000,92050,643130.372925796,6868160.82930296,2.22411068706137,48.9109278649359
388,Sports et Loisirs,Centre de loisirs élémentaire,Centre de loisirs élémentaire Lucie Aubrac,1 all de Savoie,Savoie (allée de),Université,NANTERRE,92000,92050,642762.078567602,6866886.24547473,2.21925819704235,48.8994336836034
529,Sports et Loisirs,Centre de loisirs élémentaire,Centre de loisirs élémentaire Pablo Néruda,18 r Pablo Neruda,Neruda (rue Pablo),Parc Nord,NANTERRE,92000,92050,642597.566425398,6866436.96069742,2.21707511248419,48.8953788711338
50,Sports et Loisirs,Centre de loisirs élémentaire,Centre de loisirs élémentaire Rouget de Lisle,20 r Rouget de Lisle,Rouget de Lisle (rue),République,NANTERRE,92000,92050,641462.804569617,6866697.62892096,2.20156293263968,48.8976207300007
52,Sports et Loisirs,Centre de loisirs élémentaire,Centre de loisirs élémentaire de l'Etang,5 all de l'Etang,Etang (allée de l'),Parc Sud,NANTERRE,92000,92050,642655.022142515,6865989.14404904,2.2179192060643,48.8913570146222
48,Sports et Loisirs,Centre de loisirs élémentaire,Centre de loisirs élémentaire des Bizis,12 bd Honoré de Balzac,Balzac (boulevard Honoré de),Université,NANTERRE,92000,92050,642056.405338302,6866439.99933964,2.20969416876955,48.8953577161965
51,Sports et Loisirs,Centre de loisirs élémentaire,Centre de loisirs élémentaire des Damades,59 r Paul Vaillant-Couturier,Vaillant-Couturier (rue Paul),Plateau - Mont-Valérien,NANTERRE,92000,92050,641580.743085407,6865252.1221206,2.20337039092607,48.8846327671097
53,Sports et Loisirs,Centre de loisirs élémentaire,Centre de loisirs élémentaire des Fontenelles,40 r des Ecoles,Ecoles (rue des),Parc Sud,NANTERRE,92000,92050,642659.819562674,6865465.38562037,2.21805536385989,48.8866475420768
56,Sports et Loisirs,Centre de loisirs élémentaire,Centre de loisirs élémentaire des Gavroches,2 r Morelly,Morelly (rue),Vieux-Pont - Sainte-Geneviève,NANTERRE,92000,92050,640196.471631385,6865798.89960305,2.18441819963075,48.889422576563
58,Sports et Loisirs,Centre de loisirs élémentaire,Centre de loisirs élémentaire des Hauts Gibets,2 ch des Hauts Gibets,Hauts Gibets (chemin des),Plateau - Mont-Valérien,NANTERRE,92000,92050,641283.96963542,6864776.37908912,2.19938951440035,48.8803276371644
55,Sports et Loisirs,Centre de loisirs élémentaire,Maison de l'enfance,30 r des Aubépines,Aubépines (rue des),Petit Nanterre,NANTERRE,92000,92050,642997.456481934,6868046.93874386,2.22231268846501,48.909891964624
251,Sports et Loisirs,Clubs séniors,Club Amitié et Loisirs des Séniors (salle d'activités du square),22 av Louis Meunier,Meunier (avenue Louis),Centre,NANTERRE,92000,92050,641299.560650244,6866185.35012711,2.19940730869524,48.8929992336049
246,Sports et Loisirs,Clubs séniors,Salle d'activité des Muguets,354 av de la République,République (avenue de la),Petit Nanterre,NANTERRE,92000,92050,642818.680385128,6868109.09997525,2.21986542111429,48.9104350806199
309,Sports et Loisirs,Espace Jeunesse,Espace Arts Plastiques Thomas Lemaître,71 r Thomas Lemaître,Lemaître (rue Thomas),Vieux-Pont - Sainte-Geneviève,NANTERRE,92000,92050,640421.314031839,6866015.41349747,2.18745392950558,48.8913904135402
313,Sports et Loisirs,Espace Jeunesse,Espace Jeunesse Picasso,118 ter av Pablo Picasso,Picasso (avenue Pablo),Parc Sud,NANTERRE,92000,92050,643206.790277623,6865625.81610651,2.22549243205532,48.8881386946793
316,Sports et Loisirs,Espace Jeunesse,Espace Jeunesse de l'Université,10 bd Jules Mansart,Mansart (boulevard Jules),Université,NANTERRE,92000,92050,642257.365975946,6866794.87553689,2.21238665691156,48.8985669725137
310,Sports et Loisirs,Espace Jeunesse,Espace Jeunesse du Chemin de l'Ile,61 bd du Général Leclerc,Leclerc (boulevard du Général),Chemin de l'Ile,NANTERRE,92000,92050,640767.705052949,6866782.95569974,2.19207064728639,48.8983244414143
314,Sports et Loisirs,Espace Jeunesse,Espace Jeunesse du Petit Nanterre,20 r des Pâquerettes,Pâquerettes (rue des),Petit Nanterre,NANTERRE,92000,92050,642443.910143055,6867828.48373125,2.21479077184011,48.9078782796341
308,Sports et Loisirs,Espace Jeunesse,Espace Jeunesse du Vieux-Pont,71 r Thomas Lemaître,Lemaître (rue Thomas),Vieux-Pont - Sainte-Geneviève,NANTERRE,92000,92050,640406.450713128,6866012.61389133,2.18725162788168,48.8913638626291
288,Sports et Loisirs,Gymnase ou Complexe Sportif,Centre sportif Voltaire,44 r de l'Union,Union (rue de l'),Chemin de l'Ile,NANTERRE,92000,92050,640890.137066975,6867036.18152348,2.19370523751742,48.9006128004151
284,Sports et Loisirs,Gymnase ou Complexe Sportif,Complexe sportif Paul Eluard,24 r Salvador Allende,Allende (rue Salvador),Parc Nord,NANTERRE,92000,92050,642757.776079521,6866479.50701229,2.21925436834463,48.89577573188
283,Sports et Loisirs,Gymnase ou Complexe Sportif,Complexe sportif Paul Vaillant Couturier,all des Marronniers,Marronniers (allée des),Plateau - Mont-Valérien,NANTERRE,92000,92050,641471.878828101,6865144.59243694,2.20190079310706,48.8836559176559
453,Sports et Loisirs,Gymnase ou Complexe Sportif,Complexe sportif Université Paris Ouest Nanterre La Défense,200 av de la République,République (avenue de la),Université,NANTERRE,92000,92050,642323.326771669,6867373.59770539,2.21320765460722,48.903776986229
275,Sports et Loisirs,Gymnase ou Complexe Sportif,Complexe sportif des Chenevreux,22 r de Suresnes,Suresnes (rue de),Plateau - Mont-Valérien,NANTERRE,92000,92050,642031.385189615,6865350.24258103,2.20950172995089,48.8855558452344
281,Sports et Loisirs,Gymnase ou Complexe Sportif,Gymnase Evariste Galois,5 r des Ecoles,Ecoles (rue des),Parc Sud,NANTERRE,92000,92050,642770.163033769,6865452.4087154,2.21956176214292,48.8865406639475
285,Sports et Loisirs,Gymnase ou Complexe Sportif,Gymnase Jean de La Fontaine,5 r de l'Agriculture,Agriculture (rue de l'),Petit Nanterre,NANTERRE,92000,92050,643194.868313603,6868135.07442709,2.22499400901612,48.9107019642336
280,Sports et Loisirs,Gymnase ou Complexe Sportif,Gymnase Léo Lagrange,10 r des Aubépines,Aubépines (rue des),Petit Nanterre,NANTERRE,92000,92050,642761.002626471,6868009.22934802,2.21909203948408,48.9095318837064
279,Sports et Loisirs,Gymnase ou Complexe Sportif,Gymnase Pablo Picasso,75 av Pablo Picasso,Picasso (avenue Pablo),Parc Sud,NANTERRE,92000,92050,642963.008312598,6865818.04834919,2.22214228846502,48.8898457955565
273,Sports et Loisirs,Gymnase ou Complexe Sportif,Gymnase Paul Langevin,4 r Morelly,Morelly (rue),Vieux-Pont - Sainte-Geneviève,NANTERRE,92000,92050,640172.814484239,6865825.27970742,2.18409187656752,48.8896576008083
278,Sports et Loisirs,Gymnase ou Complexe Sportif,Gymnase Pierre de Coubertin,31 bd du Midi,Midi (boulevard du),Vieux-Pont - Sainte-Geneviève,NANTERRE,92000,92050,640741.773827314,6865947.88822383,2.19183354359859,48.8908127704347
277,Sports et Loisirs,Gymnase ou Complexe Sportif,Gymnase Romain Rolland,194 r de Suresnes,Suresnes (rue de),Plateau - Mont-Valérien,NANTERRE,92000,92050,642642.092511818,6864819.96033148,2.21790081150631,48.8808419459523
286,Sports et Loisirs,Gymnase ou Complexe Sportif,Gymnase République,6 r Anatole France,France (rue Anatole),République,NANTERRE,92000,92050,641876.240603268,6867178.50242594,2.20713589002634,48.9019823996903
276,Sports et Loisirs,Gymnase ou Complexe Sportif,Gymnase Victor Hugo,32 r Marcelin Berthelot,Berthelot (rue Marcelin),Centre,NANTERRE,92000,92050,641728.662715338,6866311.00660529,2.20524202122954,48.8941681745606
274,Sports et Loisirs,Gymnase ou Complexe Sportif,Palais des Sports Maurice Thorez,136 av Frédéric et Irène Joliot Curie,Joliot Curie (avenue Frédéric et Irène),La Boule - Champs Pierreux,NANTERRE,92000,92050,642182.166207716,6866058.19100856,2.21146133798057,48.8919356274323
287,Sports et Loisirs,Gymnase ou Complexe Sportif,Tennis Michel Jacquet,138 r de Garches,Garches (rue de),Plateau - Mont-Valérien,NANTERRE,92000,92050,641552.10998515,6864544.67632953,2.20307732301058,48.8782684278814
291,Sports et Loisirs,Piscine,Piscine Paul Vaillant Couturier,all des Marronniers,Marronniers (allée des),Plateau - Mont-Valérien,NANTERRE,92000,92050,641465.436872929,6865135.86994269,2.20181415778565,48.8835768948029
290,Sports et Loisirs,Piscine,Piscine Université Paris Ouest Nanterre La Défense,200 av de la République,République (avenue de la),Université,NANTERRE,92000,92050,642364.842695184,6867343.48781039,2.21377804334535,48.9035099453011
289,Sports et Loisirs,Piscine,Piscine du Palais des Sports,136 av Frédéric et Irène Joliot Curie,Joliot Curie (avenue Frédéric et Irène),La Boule - Champs Pierreux,NANTERRE,92000,92050,642167.458808258,6866026.74760417,2.21126505034316,48.8916515524966
292,Sports et Loisirs,Stade,Stade Gabriel Péri,136 av Frédéric et Irène Joliot Curie,Joliot Curie (avenue Frédéric et Irène),La Boule - Champs Pierreux,NANTERRE,92000,92050,642067.549923502,6865990.23268284,2.20990754113534,48.8913142107851
294,Sports et Loisirs,Stade,Stade Jean Guimier,107 av Pablo Picasso,Picasso (avenue Pablo),Parc Sud,NANTERRE,92000,92050,643106.575947203,6865781.75721431,2.22410496859815,48.8895321496737
293,Sports et Loisirs,Stade,Stade des Bords de Seine,135 av de la Commune de Paris,Commune de Paris (avenue de la),République,NANTERRE,92000,92050,642012.667703316,6867647.88194829,2.20893261980389,48.9062155382779
6,Vie Administrative,Collectivité territoriale,Antenne de mairie de quartier du Vieux-Pont,71 r Thomas Lemaître,Lemaître (rue Thomas),Vieux-Pont - Sainte-Geneviève,NANTERRE,92000,92050,640413.585214756,6865999.6317859,2.18735074481331,48.8912477820335
394,Vie Administrative,Collectivité territoriale,Communauté d'Agglomération du Mont-Valérien (CAMV),1 pl de la Boule,Boule (place de la),Centre,NANTERRE,92000,92050,641322.144683376,6865574.03911033,2.19979979063962,48.8875040945101
11,Vie Administrative,Collectivité territoriale,Hôtel de Ville,88 r du 8 Mai 1945,8 Mai 1945 (rue du),Centre,NANTERRE,92000,92050,641859.767866537,6866091.22104425,2.20706013447317,48.8922036155416
14,Vie Administrative,Collectivité territoriale,Hôtel de Ville - Tour A,130 r du 8 Mai 1945,8 Mai 1945 (rue du),Centre,NANTERRE,92000,92050,641918.484160855,6866115.30401247,2.2078575822588,48.892425480512
13,Vie Administrative,Collectivité territoriale,Hôtel du département,2 bd Jacques-Germain Soufflot,Soufflot (boulevard Jacques-Germain),Université,NANTERRE,92000,92050,642437.591380611,6866757.03109384,2.21484991363958,48.8982427999138
12,Vie Administrative,Collectivité territoriale,Hôtel du département (Annexe),bd Emile Zola,Zola (boulevard Emile),Université,NANTERRE,92000,92050,642412.827997908,6866464.93572266,2.21455179359013,48.8956139364641
358,Vie Administrative,Collectivité territoriale,Mairie de quartier des Terrasses,215 tsse de l'Arche,Arche (terrasse de l'),Parc Nord,NANTERRE,92000,92050,642978.999138005,6866630.01210463,2.2222512888208,48.8971487733547
10,Vie Administrative,Collectivité territoriale,Mairie de quartier du Chemin de l'Ile,8 bd du Général Leclerc,Leclerc (boulevard du Général),Chemin de l'Ile,NANTERRE,92000,92050,640994.163057782,6866674.67621963,2.19517437651743,48.8973715454135
8,Vie Administrative,Collectivité territoriale,Mairie de quartier du Parc,118 av Pablo Picasso,Picasso (avenue Pablo),Parc Sud,NANTERRE,92000,92050,643172.490372941,6865606.48592684,2.22502729019156,48.88796184127
7,Vie Administrative,Collectivité territoriale,Mairie de quartier du Petit Nanterre,4 pl des Muguets,Muguets (place des),Petit Nanterre,NANTERRE,92000,92050,642844.374628901,6868109.67752386,2.22021587149427,48.9104425564316
9,Vie Administrative,Collectivité territoriale,Mairie de quartier du Plateau - Mont-Valérien,207 r Paul Vaillant-Couturier,Vaillant-Couturier (rue Paul),Plateau - Mont-Valérien,NANTERRE,92000,92050,641891.270444579,6864732.40232418,2.20767569895579,48.8799872604806
15,Vie Administrative,Consulat,Consulat d'Algérie,63 av Georges Clemenceau,Clemenceau (avenue Georges),La Boule - Champs Pierreux,NANTERRE,92000,92050,641747.326994814,6865517.54619078,2.20560543408373,48.8870346892383
31,Vie Administrative,Institutions,Archives départementales,137 av Frédéric et Irène Joliot Curie,Joliot Curie (avenue Frédéric et Irène),Université,NANTERRE,92000,92050,642287.809843265,6866363.46751149,2.21286054294807,48.8946902936274
34,Vie Administrative,Institutions,Centre des finances publiques - Nanterre Tivoli,235 av Georges Clemenceau,Clemenceau (avenue Georges),Parc Sud,NANTERRE,92000,92050,642713.808386832,6865398.77647724,2.21880054442279,48.8860533632108
381,Vie Administrative,Institutions,Centre des finances publiques - Trésorerie municipale de Nanterre,73 r Henri Barbusse,Barbusse (rue Henri),Vieux-Pont - Sainte-Geneviève,NANTERRE,92000,92050,640579.484893389,6866053.81852151,2.18960556843466,48.8917503862189
28,Vie Administrative,Institutions,Chambre de Commerce et d'Industrie de Paris,6 r des Trois Fontanot,Trois Fontanot (rue des),Parc Nord,NANTERRE,92000,92050,642715.285994463,6866577.63003214,2.21866162738277,48.8966543183493
27,Vie Administrative,Institutions,Chambre des Métiers et de l'Artisanat,17 bis r des Venêts,Venêts (rue des),Centre,NANTERRE,92000,92050,641571.577196889,6865875.53580611,2.20315962423973,48.8902379830789
24,Vie Administrative,Institutions,"Direction Départementale du Travail, de l'Emploi et de la Formation Professionnelle (DDTEFP)",13 r de Lens,Lens (rue de),Parc Nord,NANTERRE,92000,92050,643116.129448228,6866915.02264057,2.2240833845983,48.8997238433361
33,Vie Administrative,Institutions,Direction des Services Fiscaux,167 av Frédéric et Irène Joliot Curie,Joliot Curie (avenue Frédéric et Irène),Université,NANTERRE,92000,92050,642528.964294925,6866652.03830799,2.21611037290154,48.897306823505
32,Vie Administrative,Institutions,Inspection Académique,167 av Frédéric et Irène Joliot Curie,Joliot Curie (avenue Frédéric et Irène),Université,NANTERRE,92000,92050,642529.247852445,6866641.06424121,2.21611572619954,48.8972081652453
25,Vie Administrative,Institutions,Préfecture des Hauts-de-Seine,167 av Frédéric et Irène Joliot Curie,Joliot Curie (avenue Frédéric et Irène),Université,NANTERRE,92000,92050,642530.535971209,6866630.30547301,2.2161347513222,48.8971115327143
353,Vie Associative,Maison des associations,Maison André Davergne,11 r des Anciennes Mairies,Anciennes Mairies (rue des),Centre,NANTERRE,92000,92050,641182.985648528,6866058.86438544,2.1978350206788,48.8918511770362
354,Vie Associative,Maison des associations,Maison des Associations Sadi Carnot,27 r Sadi Carnot,Sadi Carnot (rue),Centre,NANTERRE,92000,92050,641544.447595589,6865781.21214493,2.20280264555143,48.8893873168554
352,Vie Associative,Maison des associations,Maison des Associations du Parc des Anciennes Mairies,11 r des Anciennes Mairies,Anciennes Mairies (rue des),Centre,NANTERRE,92000,92050,641177.387128353,6866060.92699797,2.19775838575947,48.8918692135099
248,Vie Associative,Salle polyvalente,Maison de quartier Berthelot,3 all du Colonel Fabien,Fabien (allée du Colonel),Université,NANTERRE,92000,92050,642064.658125021,6866470.98651837,2.20980249354783,48.8956371093291
250,Vie Associative,Salle polyvalente,Maison du Chemin de l'Ile,57 bd du Général Leclerc,Leclerc (boulevard du Général),Chemin de l'Ile,NANTERRE,92000,92050,640768.315639041,6866751.44984489,2.19208337190885,48.8980411843754
428,Vie Associative,Salle polyvalente,Salle de l'antenne de quartier Anatole France,176 bis av de la République,République (avenue de la),République,NANTERRE,92000,92050,641901.429996386,6867300.95138962,2.20746271028299,48.9030857814328
319,Vie Associative,Salle polyvalente,Salle de l'école Elsa Triolet,130 r Salvador Allende,Allende (rue Salvador),Parc Nord,NANTERRE,92000,92050,643186.283878125,6866182.45569167,2.22513830840269,48.8931424663235
341,Vie Associative,Salle polyvalente,Salle de l'école La Fontaine,5 r de l'Agriculture,Agriculture (rue de l'),Petit Nanterre,NANTERRE,92000,92050,643199.656942263,6868135.3264619,2.22505930348137,48.9107046532478
331,Vie Associative,Salle polyvalente,Salle de l'école des Pâquerettes,10 r des Aubépines,Aubépines (rue des),Petit Nanterre,NANTERRE,92000,92050,642694.506623641,6867925.41888736,2.21819621863301,48.9087723144929
330,Vie Associative,Salle polyvalente,Salle de la MJ des Pâquerettes,20 r des Pâquerettes,Pâquerettes (rue des),Petit Nanterre,NANTERRE,92000,92050,642438.560781598,6867838.8633781,2.21471638975019,48.9079711386172
430,Vie Associative,Salle polyvalente,Salle de la Maison des Associations,11 r des Anciennes Mairies,Anciennes Mairies (rue des),Centre,NANTERRE,92000,92050,641174.375021383,6866046.21682689,2.19771934681339,48.8917366577077
249,Vie Associative,Salle polyvalente,Salle de la Source,100 r de la Source,Source (rue de la),Plateau - Mont-Valérien,NANTERRE,92000,92050,641871.919379808,6865113.47255497,2.20735970460408,48.8834123078116
326,Vie Associative,Salle polyvalente,Salle de la mairie de quartier du Parc,118 av Pablo Picasso,Picasso (avenue Pablo),Parc Sud,NANTERRE,92000,92050,643177.026490167,6865606.48592684,2.22508914652438,48.8879622416091
328,Vie Associative,Salle polyvalente,Salle de la mairie de quartier du Petit Nanterre,4 pl des Muguets,Muguets (place des),Petit Nanterre,NANTERRE,92000,92050,642843.718371443,6868117.96416175,2.22020580219271,48.9105170143345
318,Vie Associative,Salle polyvalente,Salle de la mairie de quartier du Plateau - Mont-Valérien,207 r Paul Vaillant-Couturier,Vaillant-Couturier (rue Paul),Plateau - Mont-Valérien,NANTERRE,92000,92050,641889.530822344,6864733.99201112,2.20765176294898,48.8800013988662
337,Vie Associative,Salle polyvalente,Salle de quartier Anatole France,7 r Anatole France,France (rue Anatole),République,NANTERRE,92000,92050,642038.698762849,6867245.56792531,2.20934266756688,48.90260012728
332,Vie Associative,Salle polyvalente,Salle de quartier Joliot Curie,15 r de la Côte des Amandiers,Côte des Amandiers (rue de la),La Boule - Champs Pierreux,NANTERRE,92000,92050,641734.372191809,6865723.80396163,2.20540047699383,48.8888882897276
320,Vie Associative,Salle polyvalente,Salle de quartier Le Corbusier,49 esp Charles de Gaulle,Gaulle (esplanade Charles de),Parc Nord,NANTERRE,92000,92050,643019.41904816,6866301.55779584,2.22284665935175,48.8941987417464
339,Vie Associative,Salle polyvalente,Salle de quartier Romain Rolland,1 r Romain Rolland,Rolland (rue Romain),Plateau - Mont-Valérien,NANTERRE,92000,92050,642638.723427095,6864878.34309747,2.21784699047318,48.8813666568783
333,Vie Associative,Salle polyvalente,Salle de quartier Soufflot,17 bd Jacques-Germain Soufflot,Soufflot (boulevard Jacques-Germain),Université,NANTERRE,92000,92050,642356.014578946,6866653.90017541,2.21375128764552,48.897308103051
323,Vie Associative,Salle polyvalente,Salle de quartier Voltaire,35 r Voltaire,Voltaire (rue),Chemin de l'Ile,NANTERRE,92000,92050,640921.897115327,6866868.13456236,2.19416182645413,48.8991045725875
338,Vie Associative,Salle polyvalente,Salle de quartier des Gavroches,2 r Morelly,Morelly (rue),Vieux-Pont - Sainte-Geneviève,NANTERRE,92000,92050,640198.510552906,6865803.55999929,2.18444534740875,48.8894646743783
429,Vie Associative,Salle polyvalente,Salle de quartier des Terrasses,12 bd des Bouvets,Bouvets (boulevard des),Parc Nord,NANTERRE,92000,92050,642985.774228141,6866643.02496969,2.22234194500749,48.8972663908515
340,Vie Associative,Salle polyvalente,Salle de quartier des Tulipes,2 res des Tulipes,Tulipes (résidence des),Petit Nanterre,NANTERRE,92000,92050,643020.016353965,6868136.4221439,2.22260843482173,48.9106986269249
327,Vie Associative,Salle polyvalente,Salle de quartier du Plateau,227 av Georges Clemenceau,Clemenceau (avenue Georges),Parc Sud,NANTERRE,92000,92050,642564.228310354,6865428.69773871,2.21675683956938,48.8863091056104
324,Vie Associative,Salle polyvalente,Salle des Guignons,7 bd du Général Leclerc,Leclerc (boulevard du Général),Chemin de l'Ile,NANTERRE,92000,92050,640985.918506764,6866623.04281731,2.19506910952768,48.8969064808975
329,Vie Associative,Salle polyvalente,Salle des Iris,7 res des Iris,Iris (résidence des),Petit Nanterre,NANTERRE,92000,92050,642668.433993042,6867832.08399342,2.21785315228373,48.9079306930118
325,Vie Associative,Salle polyvalente,Salle du Parc des Anciennes Mairies,11 r des Anciennes Mairies,Anciennes Mairies (rue des),Centre,NANTERRE,92000,92050,641066.706110232,6865999.29861993,2.19625754184308,48.8913049010668
252,Vie Associative,Salle polyvalente,Salle du Plateau,72 rte des Fusillés de la Résistance,Fusillés de la Résistance (route des),Plateau - Mont-Valérien,NANTERRE,92000,92050,642863.070467822,6864853.10493736,2.22090928396583,48.8811596461773
322,Vie Associative,Salle polyvalente,Salles de quartier Jacques Decour,r des Rosiers,Rosiers (rue des),Parc Sud,NANTERRE,92000,92050,643242.840608642,6865468.05061511,2.22600511915775,48.8867231632698
317,Vie Associative,Salle polyvalente,Salles de quartier Maxime Gorki,70 bd de Pesaro,Pesaro (boulevard de),Parc Sud,NANTERRE,92000,92050,643419.16946096,6865952.66412719,2.22834497409821,48.8910965771564
321,Vie Associative,Salle polyvalente,Salles du foyer du Champs aux Melles,11 all Fernand Léger,Léger (allée Fernand),Parc Sud,NANTERRE,92000,92050,642554.756355084,6865640.60667586,2.21659901138271,48.8882138553048
392,Vie Pratique,AutoLIB,Station AutoLIB 8 mai 1945,109 r du 8 Mai 1945,8 Mai 1945 (rue du),Centre,NANTERRE,92000,92050,641823.32224229,6866142.22821665,2.20655611786608,48.8926590033908
524,Vie Pratique,AutoLIB,Station AutoLIB Aimé Césaire,bd Aimé Césaire,Césaire (boulevard Aimé),Parc Nord,NANTERRE,92000,92050,643370.546054244,6866096.96996901,2.22766263639552,48.8923899714302
413,Vie Pratique,AutoLIB,Station AutoLIB Champs Pierreux,av des Champs Pierreux,Champs Pierreux (avenue des),La Boule - Champs Pierreux,NANTERRE,92000,92050,642289.485584341,6865684.69499777,2.21297566714632,48.888586597794
396,Vie Pratique,AutoLIB,Station AutoLIB Emile Zola,bd Emile Zola,Zola (boulevard Emile),Université,NANTERRE,92000,92050,642403.22113581,6866524.34844501,2.21441270967128,48.896147342599
391,Vie Pratique,AutoLIB,Station AutoLIB Gambetta,20 r Gambetta,Gambetta (rue),Centre,NANTERRE,92000,92050,641292.108404487,6865639.97748823,2.19938109167819,48.8880943069132
406,Vie Pratique,AutoLIB,Station AutoLIB Gare,r de la Gare,Gare (rue de la),Centre,NANTERRE,92000,92050,641210.799501002,6866491.79598692,2.19815437234021,48.8957468297674
657,Vie Pratique,AutoLIB,Station AutoLIB Gascogne,all de Gascogne,Gascogne (allée de),Université,NANTERRE,92000,92050,642411.206978418,6866931.71566741,2.21446635195457,48.8998112768243
497,Vie Pratique,AutoLIB,Station AutoLIB Georges Clémenceau,215 av Georges Clemenceau,Clemenceau (avenue Georges),Parc Sud,NANTERRE,92000,92050,642531.676512524,6865396.81887949,2.21631727905529,48.8860195296683
410,Vie Pratique,AutoLIB,Station AutoLIB Guilleraies,av des Guilleraies,Guilleraies (avenue des),Chemin de l'Ile,NANTERRE,92000,92050,640304.670722209,6866280.99246347,2.18582589232892,48.8937678113608
578,Vie Pratique,AutoLIB,Station AutoLIB Hoche,av Hoche,Hoche (avenue),Chemin de l'Ile,NANTERRE,92000,92050,641401.220236376,6866943.90539005,2.20068898790994,48.8998297448015
409,Vie Pratique,AutoLIB,Station AutoLIB Jules Quentin,av Jules Quentin,Quentin (avenue Jules),Chemin de l'Ile,NANTERRE,92000,92050,640664.861914761,6866474.0948731,2.19071113984686,48.8955375679261
414,Vie Pratique,AutoLIB,Station AutoLIB Lavoisier,r Lavoisier,Lavoisier (rue),Chemin de l'Ile,NANTERRE,92000,92050,639474.416126661,6866472.12989741,2.17447576208259,48.8954090779299
523,Vie Pratique,AutoLIB,Station AutoLIB Lenine,62 av Vladimir Ilitch Lénine,Lénine (avenue Vladimir Ilitch),Vieux-Pont - Sainte-Geneviève,NANTERRE,92000,92050,640701.825221077,6865655.0928589,2.19132965400824,48.888176138971
455,Vie Pratique,AutoLIB,Station AutoLIB Lens,13 r de Lens,Lens (rue de),Parc Nord,NANTERRE,92000,92050,643114.652845271,6866957.69785139,2.22405752449006,48.9001074663297
395,Vie Pratique,AutoLIB,Station AutoLIB Luaps,r des Luaps Prolongée,Luaps Prolongée (rue des),Plateau - Mont-Valérien,NANTERRE,92000,92050,642104.361372501,6864813.1360524,2.21057003784993,48.8807324571321
403,Vie Pratique,AutoLIB,Station AutoLIB Maréchal Joffre,24 av du Maréchal Joffre,Joffre (avenue du Maréchal),Vieux-Pont - Sainte-Geneviève,NANTERRE,92000,92050,641077.707090139,6865375.13769332,2.19649418234159,48.8856931510725
658,Vie Pratique,AutoLIB,Station AutoLIB National,76 r Lamartine,Lamartine (rue),Vieux-Pont - Sainte-Geneviève,NANTERRE,92000,92050,640196.331879929,6865750.98842978,2.18442304236514,48.8889917240943
400,Vie Pratique,AutoLIB,Station AutoLIB Pablo Neruda,18 r Pablo Neruda,Neruda (rue Pablo),Parc Nord,NANTERRE,92000,92050,642570.221879736,6866473.98588534,2.21669716909338,48.8957093795061
407,Vie Pratique,AutoLIB,Station AutoLIB Pablo Picasso,av Pablo Picasso,Picasso (avenue Pablo),La Boule - Champs Pierreux,NANTERRE,92000,92050,642378.401559204,6866101.51045832,2.21413160356826,48.8923427692786
404,Vie Pratique,AutoLIB,Station AutoLIB Paul Vaillant Couturier,r Paul Vaillant-Couturier,Vaillant-Couturier (rue Paul),Plateau - Mont-Valérien,NANTERRE,92000,92050,641637.835290723,6865071.24957398,2.20417372896598,48.8830114423967
393,Vie Pratique,AutoLIB,Station AutoLIB Pesaro,bd de Pesaro,Pesaro (boulevard de),Parc Nord,NANTERRE,92000,92050,643151.933427244,6866453.28739104,2.224633575548,48.8955748794049
454,Vie Pratique,AutoLIB,Station AutoLIB Pesaro,bd de Pesaro,Pesaro (boulevard de),Parc Nord,NANTERRE,92000,92050,642819.70798447,6866619.09665326,2.22008021864066,48.8970364879207
517,Vie Pratique,AutoLIB,Station AutoLIB Peupliers,r des Peupliers,Peupliers (rue des),Petit Nanterre,NANTERRE,92000,92050,642470.196361594,6868377.15093445,2.21507495407412,48.9128144237029
411,Vie Pratique,AutoLIB,Station AutoLIB Raspail,9 bd François-Vincent Raspail,Raspail (boulevard François-Vincent),Centre,NANTERRE,92000,92050,641872.92859634,6866575.50327729,2.20717329977069,48.8965596865582
399,Vie Pratique,AutoLIB,Station AutoLIB Rigault,3 r Rigault,Rigault (rue),Centre,NANTERRE,92000,92050,641190.811544217,6866227.77716674,2.19791834589075,48.8933708319393
390,Vie Pratique,AutoLIB,Station AutoLIB République,403 av de la République,République (avenue de la),Petit Nanterre,NANTERRE,92000,92050,643078.896144614,6868286.26061457,2.22339158889001,48.9120512334423
408,Vie Pratique,AutoLIB,Station AutoLIB République,326 av de la République,République (avenue de la),Petit Nanterre,NANTERRE,92000,92050,642532.605579719,6867944.91813108,2.21598494896611,48.9089332229679
498,Vie Pratique,AutoLIB,Station AutoLIB Salvador Allende,r Salvador Allende,Allende (rue Salvador),Parc Nord,NANTERRE,92000,92050,643227.031886809,6866272.93106966,2.22568192006973,48.8939596585109
398,Vie Pratique,AutoLIB,Station AutoLIB Suresnes,r de Suresnes,Suresnes (rue de),Plateau - Mont-Valérien,NANTERRE,92000,92050,642170.232363097,6865311.02915411,2.21140035583085,48.8852157025924
397,Vie Pratique,AutoLIB,Station AutoLIB Union,r de l'Union,Union (rue de l'),Chemin de l'Ile,NANTERRE,92000,92050,640841.722592093,6866844.24761868,2.19307163411774,48.8988824088957
401,Vie Pratique,AutoLIB,Station AutoLIB Waldeck Rochet,10 r Waldeck Rochet,Rochet (rue Waldeck),Centre,NANTERRE,92000,92050,641199.465697899,6865905.67268607,2.19808098266441,48.8904751115901
536,Vie Pratique,Fourrière,Fourrière,28 r des Agglomérés,Agglomérés (rue des),Chemin de l'Ile,NANTERRE,92000,92050,640149.059552528,6866508.18893668,2.18367165623432,48.8957964092517
296,Vie Pratique,Gare,Gare Nanterre Préfecture,bd de Pesaro,Pesaro (boulevard de),Parc Nord,NANTERRE,92000,92050,643041.308690362,6866457.9616356,2.22312420436941,48.8956071342713
298,Vie Pratique,Gare,Gare Nanterre Université,bd des Provinces Françaises,Provinces Françaises (boulevard des),Université,NANTERRE,92000,92050,642479.705284879,6867119.55810611,2.21537517472831,48.9015065564887
297,Vie Pratique,Gare,Gare Nanterre Ville,r Béranger,Béranger (rue),Chemin de l'Ile,NANTERRE,92000,92050,641038.140606217,6866471.72035024,2.19580237097795,48.8955505109103
237,Vie Pratique,Gendarmerie,Gendarmerie Nationale,18 bd Jules Mansart,Mansart (boulevard Jules),Université,NANTERRE,92000,92050,642213.760876082,6866825.37769968,2.21178776702751,48.8988373479243
344,Vie Pratique,Marchés,Marché Charles de Gaulle,esp Charles de Gaulle,Gaulle (esplanade Charles de),Parc Nord,NANTERRE,92000,92050,643029.013323694,6866434.52195796,2.22295966114229,48.8953952660359
342,Vie Pratique,Marchés,Marché Pablo Picasso,av Pablo Picasso,Picasso (avenue Pablo),Parc Sud,NANTERRE,92000,92050,642952.691652417,6865746.98347241,2.22201114981402,48.8892058303317
345,Vie Pratique,Marchés,Marché de la Gare,av Benoît Frachon,Frachon (avenue Benoît),Chemin de l'Ile,NANTERRE,92000,92050,641005.570761018,6866533.83636729,2.19534953920758,48.8961061005637
343,Vie Pratique,Marchés,Marché du Centre,pl du Maréchal Foch,Foch (place du Maréchal),Centre,NANTERRE,92000,92050,640959.583841972,6865759.69782412,2.19483001032552,48.8891404842678
299,Vie Pratique,Parking,Parking Hôtel de Ville,av Frédéric et Irène Joliot Curie,Joliot Curie (avenue Frédéric et Irène),Centre,NANTERRE,92000,92050,641953.924110636,6866054.68642449,2.20834918443144,48.8918835750529
520,Vie Pratique,Parking,Parking La Croix,21 r de la Croix,Croix (rue de la),Vieux-Pont - Sainte-Geneviève,NANTERRE,92000,92050,640956.040332764,6865530.15468955,2.19481360870846,48.8870759961605
300,Vie Pratique,Parking,Parking Le Marché,pl du Maréchal Foch,Foch (place du Maréchal),Centre,NANTERRE,92000,92050,640934.931688979,6865731.01167783,2.1944978278995,48.888880263721
521,Vie Pratique,Parking,Parking Les Chenevreux,10 r de Suresnes,Suresnes (rue de),Plateau - Mont-Valérien,NANTERRE,92000,92050,642046.718226478,6865400.47098716,2.20970395231964,48.8860089054498
301,Vie Pratique,Parking,Parking Les Lumières,r Maurice Thorez,Thorez (rue Maurice),Centre,NANTERRE,92000,92050,641027.728134088,6866104.4941537,2.19571137754106,48.8922472982149
305,Vie Pratique,Parking,Parking Les Terrasses,17 r Célestin Hébert,Hébert (rue Célestin),Parc Nord,NANTERRE,92000,92050,643061.386635095,6866541.42271517,2.2233868399527,48.8963594301925
302,Vie Pratique,Parking,Parking Pablo Picasso,av Pablo Picasso,Picasso (avenue Pablo),Parc Sud,NANTERRE,92000,92050,642915.99479644,6865711.75981689,2.22151546062175,48.8888858288476
304,Vie Pratique,Parking,Parking Préfecture,r des Trois Fontanot,Trois Fontanot (rue des),Parc Nord,NANTERRE,92000,92050,642774.454608388,6866528.40321078,2.21947524545612,48.8962169111979
303,Vie Pratique,Parking,Parking Salvador Allende,r Salvador Allende,Allende (rue Salvador),Parc Nord,NANTERRE,92000,92050,642981.760902844,6866397.64937657,2.22232016910582,48.8950595075955
241,Vie Pratique,Police,Bureau de police Les Fontenelles,3 r de la Paix,Paix (rue de la),Parc Sud,NANTERRE,92000,92050,642979.464269429,6865565.93641805,2.22240055435873,48.8875801337302
239,Vie Pratique,Police,Bureau de police Les Muguets,4 pl des Muguets,Muguets (place des),Petit Nanterre,NANTERRE,92000,92050,642938.064088076,6868098.1977911,2.22149555426072,48.9103476401863
364,Vie Pratique,Police,CRS Autoroutière Ouest Ile de France,21 r Gutenberg,Gutenberg (rue),Chemin de l'Ile,NANTERRE,92000,92050,641152.056309864,6867417.8994716,2.19722479582451,48.904069347301
238,Vie Pratique,Police,Commissariat de Police,54 r du 19 Mars 1962,19 Mars 1962 (rue du),Centre,NANTERRE,92000,92050,641701.683532491,6866133.11675509,2.20489850894682,48.8925660658611
356,Vie Pratique,Poste,Poste Alouettes,58 r de Suresnes,Suresnes (rue de),Plateau - Mont-Valérien,NANTERRE,92000,92050,642153.362164639,6865333.21762224,2.21116729689034,48.8854137176219
346,Vie Pratique,Poste,Poste Berthelot,4 all René Descartes,Descartes (allée René),Université,NANTERRE,92000,92050,642252.172915697,6866489.40347626,2.21235738854888,48.8958195704092
347,Vie Pratique,Poste,Poste Chemin de l'Ile,15 bd du Général Leclerc,Leclerc (boulevard du Général),Chemin de l'Ile,NANTERRE,92000,92050,640886.56498459,6866690.02088653,2.19370472914598,48.8974996596491
351,Vie Pratique,Poste,Poste Muguets,11 pl des Muguets,Muguets (place des),Petit Nanterre,NANTERRE,92000,92050,642901.672277041,6868114.18685853,2.22099693559638,48.9104881916598
348,Vie Pratique,Poste,Poste Pablo Picasso,102 av Pablo Picasso,Picasso (avenue Pablo),Parc Sud,NANTERRE,92000,92050,642995.778249986,6865657.16024994,2.22261076951185,48.8884019101776
350,Vie Pratique,Poste,Poste Principale,10 r Waldeck Rochet,Rochet (rue Waldeck),Centre,NANTERRE,92000,92050,641279.780770786,6865920.84567563,2.19917414225677,48.8906188842441
522,Vie Pratique,Poste,Poste Terrasses,81 pl Nelson Mandela,Mandela (place Nelson),Parc Nord,NANTERRE,92000,92050,642808.518319599,6866715.28856165,2.21991464401298,48.897900493593
431,Vie Pratique,Propreté,Centre de tri des déchets,16 r Lavoisier,Lavoisier (rue),Chemin de l'Ile,NANTERRE,92000,92050,639547.478990488,6866532.0914891,2.17546367347836,48.8959551414625
182,Vie Pratique,Propreté,Déchèterie,59 av des Guilleraies,Guilleraies (avenue des),Chemin de l'Ile,NANTERRE,92000,92050,639900.944663808,6866553.53659444,2.18028135068872,48.8961810790117
242,Vie Pratique,Sapeurs Pompiers,Caserne des pompiers,6 r de l'Industrie,Industrie (rue de l'),République,NANTERRE,92000,92050,641462.792027123,6866909.82893394,2.20153349476476,48.8995289177021
307,Vie Pratique,Taxis,Taxis de La Boule,pl de la Boule,Boule (place de la),Vieux-Pont - Sainte-Geneviève,NANTERRE,92000,92050,641306.78832604,6865520.16076583,2.19959783515704,48.8870181939939
306,Vie Pratique,Taxis,Taxis des Terrasses de l'Arche,pl François Mitterrand,Mitterrand (place François),Parc Nord,NANTERRE,92000,92050,643100.549118355,6866457.7950771,2.22393217168868,48.8956108751044
101,Vie Pratique,Tourisme,Office de Tourisme,4 r du Marché,Marché (rue du),Vieux-Pont - Sainte-Geneviève,NANTERRE,92000,92050,640967.775023758,6865854.32272375,2.19492855414407,48.8899921471956
416,Vie Pratique,WC Publics,WC Publics - Parc des Anciennes Mairies,r Maurice Thorez,Thorez (rue Maurice),Centre,NANTERRE,92000,92050,641067.503214411,6866045.07622436,2.19626205753985,48.8917166272464
415,Vie Pratique,WC Publics,WC Publics - Place de la Boule,pl de la Boule,Boule (place de la),Vieux-Pont - Sainte-Geneviève,NANTERRE,92000,92050,641297.796422929,6865533.5317537,2.19947337202133,48.8871376128611
360,Vie Sociale,Centre Social et Culturel,Centre Hissez Haut,6 r Eugène Varlin,Varlin (rue Eugène),Vieux-Pont - Sainte-Geneviève,NANTERRE,92000,92050,640291.643709309,6865989.0441923,2.18568929348055,48.8911412764209
361,Vie Sociale,Centre Social et Culturel,Centre La Traverse,40 bd des Provinces Françaises,Provinces Françaises (boulevard des),Université,NANTERRE,92000,92050,642557.055165976,6867048.43344194,2.21643984951823,48.9008738820454
363,Vie Sociale,Centre Social et Culturel,Centre Les Acacias,12 r des Acacias,Acacias (rue des),Chemin de l'Ile,NANTERRE,92000,92050,640733.825160846,6866993.93958186,2.19157909511373,48.9002185724336
365,Vie Sociale,Centre Social et Culturel,Centre Les Canibouts,19 pl de Strasbourg,Strasbourg (place de),Petit Nanterre,NANTERRE,92000,92050,643309.127858371,6868122.39390288,2.22655447402325,48.9105980112668
359,Vie Sociale,Centre Social et Culturel,Centre P'Arc en Ciel,79 av Pablo Picasso,Picasso (avenue Pablo),Parc Sud,NANTERRE,92000,92050,642818.443285748,6865782.61272823,2.22017564354975,48.8895143177683
362,Vie Sociale,Centre Social et Culturel,Centre Valérie Méot,5 res des Iris,Iris (résidence des),Petit Nanterre,NANTERRE,92000,92050,642665.732062921,6867817.64388085,2.21781824493007,48.9078006018021
93,Vie Sociale,Centre Social et Culturel,Maison pour Tous,33 r Paul Vaillant-Couturier,Vaillant-Couturier (rue Paul),Plateau - Mont-Valérien,NANTERRE,92000,92050,641541.752445988,6865360.5509492,2.20282380753966,48.8856042767237
257,Vie Sociale,Foyer Logement,Maison des Aubépines - Domicile collectif,3 r des Aubépines,Aubépines (rue des),Petit Nanterre,NANTERRE,92000,92050,642799.741710976,6868079.96766306,2.21961098230321,48.9101714303383
253,Vie Sociale,Foyer Logement,Résidence Pasteur - Association Nouveau Foyer des Cités Jardins,117 av Pablo Picasso,Picasso (avenue Pablo),Parc Sud,NANTERRE,92000,92050,643148.060191296,6865717.5628854,2.22467927735377,48.8889585459465
258,Vie Sociale,Foyer Logement,Résidence du Parc - Association Nouveau Foyer des Cités Jardins,58 bd de Pesaro,Pesaro (boulevard de),Parc Nord,NANTERRE,92000,92050,643292.329800442,6866005.64429633,2.22660815590274,48.891561841716
255,Vie Sociale,Foyer Logement,Résidence municipale des Muguets,354 av de la République,République (avenue de la),Petit Nanterre,NANTERRE,92000,92050,642833.816677623,6868116.30532137,2.22007094378797,48.9105012180823
256,Vie Sociale,Foyer Logement,Résidence municipale du Champs aux Melles,11 all Fernand Léger,Léger (allée Fernand),Parc Sud,NANTERRE,92000,92050,642547.598283246,6865651.01842652,2.216499991819,48.8883068443834
254,Vie Sociale,Foyer Logement,Résidence municipale du Square,22 av Louis Meunier,Meunier (avenue Louis),Centre,NANTERRE,92000,92050,641335.165676408,6866196.363199,2.19989135676902,48.89310151347
259,Vie Sociale,Foyer Restaurant,Foyer Restaurant des Muguets,354 av de la République,République (avenue de la),Petit Nanterre,NANTERRE,92000,92050,642827.705113523,6868112.44857804,2.21998808774657,48.9104659941041
262,Vie Sociale,Foyer Restaurant,Foyer Restaurant du Champs aux Melles,11 all Fernand Léger,Léger (allée Fernand),Parc Sud,NANTERRE,92000,92050,642555.156862661,6865654.50444497,2.21660259260795,48.8883388668441
263,Vie Sociale,Foyer Restaurant,Foyer Restaurant du Square,6 r Franklin,Franklin (rue),Centre,NANTERRE,92000,92050,641357.523913741,6866198.59286461,2.20019596388638,48.8931236005559
23,Vie Sociale,Insertion sociale et professionnelle,Bourse du Travail,13 r des Anciennes Mairies,Anciennes Mairies (rue des),Centre,NANTERRE,92000,92050,641181.74753648,6866069.18423512,2.19781670628891,48.8919438647339
3,Vie Sociale,Insertion sociale et professionnelle,Espace Accueil Insertion,44 r Salvador Allende,Allende (rue Salvador),Parc Nord,NANTERRE,92000,92050,642845.410503939,6866447.45559429,2.22045388119324,48.8954952971866
18,Vie Sociale,Insertion sociale et professionnelle,Maison de l'Emploi et de la Formation (MEF),6 av Vladimir Ilitch Lénine,Lénine (avenue Vladimir Ilitch),Centre,NANTERRE,92000,92050,641283.431930102,6865577.85773161,2.19927136615283,48.8875349042907
554,Vie Sociale,Insertion sociale et professionnelle,Mission Locale de Nanterre,6 av Vladimir Ilitch Lénine,Lénine (avenue Vladimir Ilitch),Centre,NANTERRE,92000,92050,641279.571161553,6865575.68639984,2.19921902003383,48.8875150265159
577,Vie Sociale,Insertion sociale et professionnelle,Pépinière d'entreprises - Pep IT ,14 r du Port,Port (rue du),Chemin de l'Ile,NANTERRE,92000,92050,639693.033522382,6866324.73104028,2.17747826665259,48.8941041233451
268,Vie Sociale,Maison de retraite,Maison de retraite du CASH,403 av de la République,République (avenue de la),Petit Nanterre,NANTERRE,92000,92050,642960.893721551,6868393.64119867,2.22176727718683,48.913006386074
266,Vie Sociale,Maison de retraite,Maison de retraite protestante,5 r Waldeck Rochet,Rochet (rue Waldeck),Centre,NANTERRE,92000,92050,641236.854039341,6865943.77620725,2.19858557419288,48.8908211698165
264,Vie Sociale,Maison de retraite,Résidence La Chamade,2 r des Grands Buissons,Grands Buissons (rue des),République,NANTERRE,92000,92050,641366.734231457,6866686.30699764,2.2002542036645,48.8975101756605
267,Vie Sociale,Maison de retraite,Résidence Sainte Geneviève,58 r Henri Barbusse,Barbusse (rue Henri),Centre,NANTERRE,92000,92050,640856.29596778,6865985.35323703,2.19339007392315,48.8911602034168
265,Vie Sociale,Maison de retraite,Résidence des Vignes,75 r des Vignes,Vignes (rue des),Plateau - Mont-Valérien,NANTERRE,92000,92050,641100.597594835,6865291.51206949,2.19681791099889,48.8849432410933
29,Vie Sociale,Solidarité,Agence Régionale de Santé,55 av des Champs Pierreux,Champs Pierreux (avenue des),La Boule - Champs Pierreux,NANTERRE,92000,92050,642403.035043746,6865550.03175533,2.21454235724294,48.8873858050835
383,Vie Sociale,Solidarité,CCAS - Service d'aide sociale et municipale des festivités,88 r du 8 Mai 1945,8 Mai 1945 (rue du),Centre,NANTERRE,92000,92050,641856.085071072,6866088.75037075,2.2070102487896,48.8921810655093
355,Vie Sociale,Solidarité,CCAS - Service de maintien à domicile,88 r du 8 Mai 1945,8 Mai 1945 (rue du),Centre,NANTERRE,92000,92050,641850.014665075,6866083.58599549,2.2069281711435,48.8921340767895
30,Vie Sociale,Solidarité,CROUS,200 av de la République,République (avenue de la),Université,NANTERRE,92000,92050,642283.406695351,6867533.8223439,2.21264133024412,48.9052142073484
17,Vie Sociale,Solidarité,Caisse Nationale d'Assurance Vieillesse,4 av Vladimir Ilitch Lénine,Lénine (avenue Vladimir Ilitch),Centre,NANTERRE,92000,92050,641291.617238097,6865575.92554611,2.19938325020675,48.8875182755101
16,Vie Sociale,Solidarité,Caisse Primaire d'Assurance Maladie (CPAM 92),130 r du 8 Mai 1945,8 Mai 1945 (rue du),Centre,NANTERRE,92000,92050,641923.578500427,6866131.40328862,2.20792485410993,48.892570712236
20,Vie Sociale,Solidarité,Caisse Régionale d'Assurance Maladie (CRAM),105 r des Trois Fontanot,Trois Fontanot (rue des),Parc Nord,NANTERRE,92000,92050,643178.097838044,6866367.53497972,2.22500189521284,48.8948060640541
22,Vie Sociale,Solidarité,Caisse d'Allocations Familiales,70 r Paul Lescop,Lescop (rue Paul),Chemin de l'Ile,NANTERRE,92000,92050,640334.908970416,6866574.72780417,2.18619698998773,48.8964120052879
243,Vie Sociale,Solidarité,Centre Local d'Information et de Coordination gérontologique - C.L.I.C.,13 pl du Docteur Pierre,Pierre (place du Docteur),République,NANTERRE,92000,92050,641392.540110558,6866783.48173748,2.20059274835541,48.8983863607249
644,Vie Sociale,Solidarité,Centre d'information - Maison Daniel Féry,10 bd Jules Mansart,Mansart (boulevard Jules),Université,NANTERRE,92000,92050,642251.43686229,6866760.14393736,2.21231051442044,48.8982541195094
2,Vie Sociale,Solidarité,EDAS - Antenne du Parc,30 av des Champs Pierreux,Champs Pierreux (avenue des),La Boule - Champs Pierreux,NANTERRE,92000,92050,642261.543900996,6865706.0686057,2.21259173251603,48.8887762949056
1,Vie Sociale,Solidarité,EDAS - Le Quartz,4 av Benoît Frachon,Frachon (avenue Benoît),Chemin de l'Ile,NANTERRE,92000,92050,640963.38789428,6866572.88467539,2.1947687977261,48.896453372308
432,Vie Sociale,Solidarité,MDPH (Maison Départementale des Personnes Handicapées),2 r Rigault,Rigault (rue),Centre,NANTERRE,92000,92050,641210.096635237,6866241.86340779,2.19817940084461,48.8934992630204
476,Vie Sociale,Solidarité,Maison de l'Etudiant,200 av de la République,République (avenue de la),Université,NANTERRE,92000,92050,642346.489025921,6867251.40250184,2.21354020180894,48.9026802352713
19,Vie Sociale,Solidarité,Sécurité Sociale du Petit Nanterre,320 av de la République,République (avenue de la),Petit Nanterre,NANTERRE,92000,92050,642552.920561805,6867908.14776673,2.21626706250982,48.9086043849149
21,Vie Sociale,Solidarité,URSSAF Paris RP,97 av François Arago,Arago (avenue François),Parc Nord,NANTERRE,92000,92050,643045.472776882,6866992.26622066,2.22310929808826,48.9004122024554
